,0,1,2,3,4,5,6,7,8,9
0,0_0.jpg,56_0.jpg,3154838_0.jpg,55_0.jpg,90_0.jpg,5_0.jpg,4063433_1.jpg,1576123_1.jpg,83_0.jpg,5076193_0.jpg
1,101_0.jpg,39_0.jpg,39_1.jpg,238697_1.jpg,664385_1.jpg,106_0.jpg,22_0.jpg,26_3.jpg,43_2.jpg,114_2.jpg
2,102_0.jpg,77_0.jpg,31_0.jpg,16_0.jpg,41_0.jpg,60_0.jpg,47_0.jpg,124_0.jpg,79_0.jpg,89_0.jpg
3,1046233_0.jpg,6505789_0.jpg,2755487_0.jpg,3169236_1.jpg,3945315_0.jpg,3169236_0.jpg,1625168_0.jpg,2601997_0.jpg,698940_1.jpg,4391117_0.jpg
4,104_0.jpg,5605151_0.jpg,122_2.jpg,55_0.jpg,4386407_1.jpg,80_0.jpg,121_0.jpg,56_0.jpg,88_0.jpg,5_0.jpg
5,105_0.jpg,263977_1.jpg,56_0.jpg,20_0.jpg,199060_0.jpg,5076193_0.jpg,48_0.jpg,83_0.jpg,104_0.jpg,2527501_0.jpg
6,106_0.jpg,114_2.jpg,43_2.jpg,22_0.jpg,2857595_0.jpg,39_1.jpg,39_0.jpg,101_0.jpg,2719924_0.jpg,81_0.jpg
7,3996265_0.jpg,1076297_0.jpg,5669633_0.jpg,4768716_0.jpg,2853133_0.jpg,4418633_0.jpg,4024812_0.jpg,6359436_1.jpg,6460827_0.jpg,5755533_0.jpg
8,1082183_0.jpg,395560_0.jpg,3950161_0.jpg,1456671_0.jpg,2755487_0.jpg,698940_1.jpg,4412540_0.jpg,739325_0.jpg,2771913_0.jpg,5101613_0.jpg
9,1088984_0.jpg,5456115_2.jpg,130374_2.jpg,25_0.jpg,130374_1.jpg,25_2.jpg,80_0.jpg,64_1.jpg,130374_3.jpg,5651469_1.jpg
10,108_0.jpg,3017986_0.jpg,4037153_0.jpg,5299557_0.jpg,3518216_1.jpg,3779080_1.jpg,5057350_1.jpg,598876_2.jpg,5430819_2.jpg,417077_0.jpg
11,109_0.jpg,95_0.jpg,2539075_0.jpg,5048970_1.jpg,1211240_1.jpg,3761227_1.jpg,25_0.jpg,2249413_0.jpg,3315255_0.jpg,3315255_1.jpg
12,1111645_0.jpg,3154838_0.jpg,3929938_0.jpg,698940_1.jpg,6007737_0.jpg,766234_0.jpg,4530827_0.jpg,3945315_0.jpg,698940_0.jpg,2601997_0.jpg
13,111_0.jpg,7_0.jpg,22_0.jpg,33_1.jpg,33_0.jpg,5630226_2.jpg,1478575_0.jpg,1396752_0.jpg,6622602_0.jpg,1794510_0.jpg
14,6676540_0.jpg,2904649_0.jpg,1129805_0.jpg,2774373_0.jpg,2110425_0.jpg,1951631_0.jpg,5755533_1.jpg,5057350_2.jpg,3779080_0.jpg,5430819_1.jpg
15,112_0.jpg,5692853_0.jpg,15_0.jpg,19_0.jpg,5531218_0.jpg,112_1.jpg,5237851_0.jpg,3592570_1.jpg,6621993_1.jpg,5962041_0.jpg
16,112_1.jpg,19_1.jpg,5880137_1.jpg,19_0.jpg,112_0.jpg,5692853_0.jpg,2527501_0.jpg,2641262_1.jpg,5880137_2.jpg,3169236_1.jpg
17,114_0.jpg,43_0.jpg,43_1.jpg,114_1.jpg,664385_2.jpg,1478575_0.jpg,238697_2.jpg,22_0.jpg,958266_0.jpg,58_0.jpg
18,43_1.jpg,114_1.jpg,43_0.jpg,114_0.jpg,125_1.jpg,2286552_2.jpg,2286552_0.jpg,2286552_3.jpg,2286552_1.jpg,1478575_0.jpg
19,43_2.jpg,114_2.jpg,106_0.jpg,22_0.jpg,821201_0.jpg,5219922_3.jpg,101_0.jpg,43_0.jpg,114_0.jpg,114_1.jpg
20,116_0.jpg,5880137_0.jpg,5939231_1.jpg,2614187_1.jpg,2527501_0.jpg,6203447_1.jpg,1211240_0.jpg,54_0.jpg,5794695_1.jpg,73_3.jpg
21,1170894_0.jpg,1170894_1.jpg,2797132_0.jpg,2797132_1.jpg,2008369_1.jpg,6080959_3.jpg,6080959_1.jpg,2292197_3.jpg,2292197_1.jpg,868312_0.jpg
22,1170894_1.jpg,1170894_0.jpg,2797132_1.jpg,6080959_1.jpg,6080959_3.jpg,2797132_0.jpg,3174536_1.jpg,2292197_1.jpg,2292197_3.jpg,2008369_1.jpg
23,118_0.jpg,88_0.jpg,5_0.jpg,56_0.jpg,48_0.jpg,121_0.jpg,83_0.jpg,55_0.jpg,104_0.jpg,69_0.jpg
24,119_0.jpg,81_0.jpg,106_0.jpg,22_0.jpg,2614187_1.jpg,26_2.jpg,84_0.jpg,674194_1.jpg,6203447_1.jpg,46_0.jpg
25,11_0.jpg,34_0.jpg,124_0.jpg,102_0.jpg,31_0.jpg,79_0.jpg,89_0.jpg,25_1.jpg,47_0.jpg,66_0.jpg
26,120_0.jpg,120_3.jpg,6080959_3.jpg,6080959_1.jpg,5880137_0.jpg,5939231_1.jpg,2797132_0.jpg,2797132_1.jpg,120_1.jpg,1707110_1.jpg
27,120_1.jpg,120_3.jpg,5939231_1.jpg,2797132_0.jpg,6080959_3.jpg,6080959_1.jpg,2797132_1.jpg,4719256_1.jpg,6203447_1.jpg,5794695_1.jpg
28,120_2.jpg,120_0.jpg,3592570_0.jpg,4386407_3.jpg,4221663_1.jpg,3243359_2.jpg,4905153_2.jpg,5326936_1.jpg,506662_2.jpg,59_0.jpg
29,120_3.jpg,1707110_1.jpg,5939231_1.jpg,2797132_0.jpg,120_0.jpg,6203447_1.jpg,114_0.jpg,43_0.jpg,5880137_0.jpg,664385_2.jpg
30,1211240_0.jpg,3761227_0.jpg,1707110_1.jpg,5939231_1.jpg,6143573_1.jpg,6203447_1.jpg,2614187_1.jpg,3061333_1.jpg,5076193_0.jpg,6147917_0.jpg
31,1211240_1.jpg,3761227_1.jpg,5048970_1.jpg,2641262_1.jpg,2539075_0.jpg,1456671_0.jpg,3315255_1.jpg,3315255_2.jpg,3315255_0.jpg,3315255_3.jpg
32,121_0.jpg,55_0.jpg,88_0.jpg,48_0.jpg,83_0.jpg,56_0.jpg,69_0.jpg,122_2.jpg,5_0.jpg,20_0.jpg
33,122_0.jpg,122_1.jpg,122_2.jpg,98_0.jpg,38_0.jpg,40_0.jpg,25_1.jpg,8_0.jpg,1794510_0.jpg,3820267_0.jpg
34,122_1.jpg,122_2.jpg,122_0.jpg,5276268_0.jpg,40_0.jpg,69_0.jpg,8_0.jpg,88_0.jpg,1926078_0.jpg,38_0.jpg
35,122_2.jpg,122_1.jpg,69_0.jpg,5605151_0.jpg,5276268_0.jpg,104_0.jpg,88_0.jpg,122_0.jpg,121_0.jpg,55_0.jpg
36,122_3.jpg,451241_0.jpg,2614187_2.jpg,1478575_0.jpg,3432903_0.jpg,6460827_0.jpg,5755533_0.jpg,664385_2.jpg,238697_2.jpg,5755533_1.jpg
37,1238122_0.jpg,1238122_1.jpg,1527720_1.jpg,2261625_0.jpg,2524410_1.jpg,1527720_2.jpg,958266_0.jpg,1417301_0.jpg,2524410_0.jpg,436356_0.jpg
38,1238122_1.jpg,1238122_0.jpg,436356_0.jpg,5571423_0.jpg,5583834_0.jpg,2450505_0.jpg,958266_0.jpg,684408_1.jpg,684408_2.jpg,5023985_0.jpg
39,123_0.jpg,6438372_1.jpg,25_1.jpg,33_1.jpg,33_0.jpg,5456115_0.jpg,111_0.jpg,4207944_0.jpg,51_0.jpg,5326936_0.jpg
40,124_0.jpg,79_0.jpg,47_0.jpg,52_0.jpg,102_0.jpg,31_0.jpg,89_0.jpg,41_0.jpg,77_0.jpg,60_0.jpg
41,125_0.jpg,125_1.jpg,125_2.jpg,3996629_0.jpg,1370619_0.jpg,3391830_3.jpg,33_1.jpg,33_0.jpg,57_0.jpg,57_2.jpg
42,125_1.jpg,125_0.jpg,1370619_0.jpg,114_1.jpg,43_1.jpg,62_1.jpg,3061333_2.jpg,35231_1.jpg,33_1.jpg,33_0.jpg
43,125_2.jpg,3391830_3.jpg,125_0.jpg,8_0.jpg,34_0.jpg,64_2.jpg,3996629_0.jpg,5605151_0.jpg,5219922_2.jpg,4530827_0.jpg
44,12_0.jpg,99_0.jpg,42_0.jpg,4386407_1.jpg,66_0.jpg,130374_3.jpg,90_0.jpg,2775357_3.jpg,2775357_2.jpg,2775357_0.jpg
45,130374_0.jpg,5571423_0.jpg,2780180_2.jpg,130374_3.jpg,2261625_0.jpg,1527720_1.jpg,1088984_0.jpg,5219922_2.jpg,25_0.jpg,1527720_2.jpg
46,130374_1.jpg,1088984_0.jpg,1417301_0.jpg,130374_2.jpg,130374_3.jpg,2780180_1.jpg,5326936_0.jpg,5219922_0.jpg,5219922_2.jpg,25_2.jpg
47,130374_2.jpg,130374_3.jpg,1088984_0.jpg,5219922_0.jpg,25_2.jpg,5219922_2.jpg,25_0.jpg,5456115_2.jpg,80_0.jpg,25_1.jpg
48,130374_3.jpg,25_0.jpg,25_2.jpg,5219922_2.jpg,5219922_0.jpg,64_1.jpg,25_1.jpg,130374_2.jpg,64_0.jpg,5456115_2.jpg
49,1306638_0.jpg,1306638_1.jpg,2348333_0.jpg,958266_0.jpg,2857595_0.jpg,674194_0.jpg,98_3.jpg,5305904_0.jpg,6359436_1.jpg,5630226_2.jpg
50,1306638_1.jpg,1306638_0.jpg,2348333_0.jpg,674194_0.jpg,2857595_0.jpg,958266_0.jpg,98_3.jpg,5305904_0.jpg,6359436_1.jpg,1527720_0.jpg
51,1323502_0.jpg,1323502_3.jpg,6_0.jpg,506662_1.jpg,1238122_1.jpg,73_0.jpg,1417301_0.jpg,2780180_1.jpg,2780180_2.jpg,4905153_1.jpg
52,1323502_1.jpg,109_0.jpg,72_0.jpg,83_0.jpg,4489130_0.jpg,25_0.jpg,63_0.jpg,5219922_2.jpg,102_0.jpg,16_0.jpg
53,1323502_2.jpg,5219922_0.jpg,5219922_2.jpg,130374_1.jpg,130374_0.jpg,2271854_0.jpg,2780180_2.jpg,2219063_3.jpg,1360443_0.jpg,2780180_1.jpg
54,1323502_3.jpg,1794510_0.jpg,119_0.jpg,109_0.jpg,5456115_0.jpg,5586792_0.jpg,2219063_1.jpg,91_0.jpg,76_1.jpg,4_0.jpg
55,1360443_0.jpg,1478575_0.jpg,4985872_0.jpg,958266_0.jpg,62_0.jpg,2719924_0.jpg,4719256_0.jpg,1613848_0.jpg,43_0.jpg,114_0.jpg
56,1360443_1.jpg,684408_0.jpg,5630226_0.jpg,111_0.jpg,5630226_2.jpg,71_0.jpg,194493_0.jpg,194493_1.jpg,2219063_1.jpg,40_0.jpg
57,1360443_2.jpg,73_2.jpg,5755533_0.jpg,6460827_0.jpg,958266_0.jpg,1478575_0.jpg,122_3.jpg,73_1.jpg,5533514_0.jpg,1527720_1.jpg
58,1360443_3.jpg,1360443_0.jpg,5586792_0.jpg,64_2.jpg,62_1.jpg,2780180_0.jpg,2450505_0.jpg,33_0.jpg,33_1.jpg,4985872_0.jpg
59,1370619_0.jpg,2165012_1.jpg,125_1.jpg,3061333_2.jpg,3007801_1.jpg,1926144_1.jpg,125_0.jpg,5240612_0.jpg,33_1.jpg,33_0.jpg
60,1396752_0.jpg,1456671_0.jpg,395560_0.jpg,2527501_0.jpg,6080959_2.jpg,6080959_0.jpg,2755487_0.jpg,1082183_0.jpg,2539075_0.jpg,3169236_1.jpg
61,1396752_1.jpg,3315255_1.jpg,3315255_3.jpg,3315255_2.jpg,3315255_0.jpg,2771913_1.jpg,6159559_0.jpg,2348333_0.jpg,8_0.jpg,1396752_0.jpg
62,13_0.jpg,13_2.jpg,13_1.jpg,46_0.jpg,13_3.jpg,1478575_0.jpg,114_0.jpg,43_0.jpg,6_0.jpg,674194_1.jpg
63,13_1.jpg,1478575_0.jpg,13_3.jpg,22_0.jpg,43_0.jpg,114_0.jpg,13_0.jpg,13_2.jpg,58_0.jpg,57_0.jpg
64,13_2.jpg,57_1.jpg,57_0.jpg,57_2.jpg,13_0.jpg,13_3.jpg,13_1.jpg,58_0.jpg,45_0.jpg,6_0.jpg
65,13_3.jpg,13_1.jpg,6_0.jpg,13_2.jpg,58_0.jpg,76_0.jpg,13_0.jpg,22_0.jpg,57_0.jpg,1478575_0.jpg
66,3728824_0.jpg,1416105_0.jpg,4209522_0.jpg,3007801_0.jpg,1926144_0.jpg,5755533_1.jpg,3779080_2.jpg,3518216_0.jpg,5057350_0.jpg,5430819_0.jpg
67,1417301_0.jpg,88_0.jpg,2780180_1.jpg,0_0.jpg,1417301_1.jpg,5879123_0.jpg,48_0.jpg,2261625_0.jpg,37_0.jpg,1527720_1.jpg
68,1417301_1.jpg,4905153_3.jpg,4386407_2.jpg,5326936_3.jpg,506662_3.jpg,5399576_0.jpg,3080655_0.jpg,1926078_0.jpg,4146518_2.jpg,4146518_1.jpg
69,1418639_0.jpg,2283033_1.jpg,1679426_1.jpg,3945315_0.jpg,6007737_0.jpg,766234_0.jpg,3929938_0.jpg,3154838_0.jpg,6505789_0.jpg,4530827_0.jpg
70,1418639_1.jpg,1418639_0.jpg,1360443_0.jpg,1692871_0.jpg,1478575_0.jpg,4022765_0.jpg,4719256_0.jpg,3017986_1.jpg,2450505_0.jpg,43_0.jpg
71,1418639_2.jpg,5880137_2.jpg,766234_0.jpg,2283033_1.jpg,1679426_1.jpg,112_0.jpg,19_0.jpg,5897501_0.jpg,3945315_0.jpg,5451882_1.jpg
72,1420572_0.jpg,2565742_1.jpg,6621993_1.jpg,5794695_1.jpg,3825793_0.jpg,3323925_0.jpg,2795694_0.jpg,766234_0.jpg,1576123_1.jpg,4063433_1.jpg
73,1422091_0.jpg,5237851_0.jpg,6621993_1.jpg,3592570_1.jpg,5962041_0.jpg,1579564_0.jpg,6652881_0.jpg,5531218_0.jpg,5076193_0.jpg,2249413_0.jpg
74,1456671_0.jpg,395560_0.jpg,1082183_0.jpg,3950161_0.jpg,6080959_2.jpg,6080959_0.jpg,2755487_0.jpg,1396752_0.jpg,2539075_0.jpg,2771913_0.jpg
75,1473075_0.jpg,4022765_0.jpg,5451882_0.jpg,4411723_0.jpg,1473075_1.jpg,17126_3.jpg,5494334_0.jpg,4022765_1.jpg,5451882_1.jpg,3588850_0.jpg
76,1473075_1.jpg,17126_3.jpg,5451882_1.jpg,4022765_1.jpg,1473075_0.jpg,3588850_0.jpg,4411723_1.jpg,6532298_2.jpg,6532298_1.jpg,6532298_0.jpg
77,1478575_0.jpg,43_0.jpg,114_0.jpg,451241_0.jpg,58_0.jpg,958266_0.jpg,22_0.jpg,1360443_0.jpg,13_1.jpg,7_0.jpg
78,1527720_0.jpg,2271854_1.jpg,1926078_0.jpg,5879123_0.jpg,3080655_0.jpg,2348333_0.jpg,4905153_3.jpg,5326936_3.jpg,506662_3.jpg,4386407_2.jpg
79,1527720_1.jpg,1527720_2.jpg,958266_0.jpg,5879123_0.jpg,46_0.jpg,1238122_0.jpg,674194_0.jpg,436356_0.jpg,114_0.jpg,43_0.jpg
80,1527720_2.jpg,1527720_1.jpg,73_1.jpg,73_3.jpg,436356_0.jpg,5879123_0.jpg,958266_0.jpg,64_2.jpg,6_0.jpg,674194_0.jpg
81,1576123_0.jpg,4063433_0.jpg,2565742_0.jpg,5794695_0.jpg,4063433_1.jpg,1576123_1.jpg,3929938_1.jpg,1707110_0.jpg,2614187_0.jpg,1679426_0.jpg
82,1576123_1.jpg,4063433_1.jpg,3323925_0.jpg,2565742_1.jpg,5794695_1.jpg,3592570_1.jpg,6621993_1.jpg,1707110_1.jpg,5076193_0.jpg,5531218_0.jpg
83,4063433_2.jpg,1576123_2.jpg,3323925_1.jpg,2565742_2.jpg,1707110_2.jpg,5794695_2.jpg,5939231_2.jpg,1707110_1.jpg,3001626_0.jpg,263977_2.jpg
84,1579564_0.jpg,5076193_0.jpg,6621993_1.jpg,1422091_0.jpg,6652881_0.jpg,3592570_1.jpg,5531218_0.jpg,3825793_0.jpg,5794695_1.jpg,263977_1.jpg
85,15_0.jpg,112_0.jpg,2527501_0.jpg,6147917_0.jpg,2614187_1.jpg,2601997_0.jpg,5962041_0.jpg,3592570_1.jpg,698940_0.jpg,5531218_0.jpg
86,1613848_0.jpg,1692871_0.jpg,2165012_0.jpg,5805839_2.jpg,3766409_2.jpg,6357292_2.jpg,948745_2.jpg,417077_2.jpg,3779080_0.jpg,3518216_2.jpg
87,161551_0.jpg,26_3.jpg,821201_0.jpg,451241_0.jpg,22_0.jpg,43_2.jpg,114_2.jpg,101_0.jpg,125_0.jpg,2253833_3.jpg
88,1625168_0.jpg,2771913_0.jpg,739325_0.jpg,2292197_2.jpg,2292197_0.jpg,6080959_0.jpg,6080959_2.jpg,1456671_0.jpg,395560_0.jpg,1082183_0.jpg
89,1625168_1.jpg,2771913_1.jpg,739325_1.jpg,6048512_0.jpg,2008369_1.jpg,3174536_1.jpg,4719256_1.jpg,6159559_1.jpg,619948_1.jpg,2797132_0.jpg
90,1679426_0.jpg,2283033_0.jpg,2283033_1.jpg,1679426_1.jpg,3929938_1.jpg,1707110_0.jpg,5939231_0.jpg,766234_0.jpg,4063433_0.jpg,1576123_0.jpg
91,1679426_1.jpg,2283033_1.jpg,3929938_0.jpg,1679426_0.jpg,766234_0.jpg,5692853_0.jpg,2249413_0.jpg,2283033_0.jpg,6652881_0.jpg,3945315_0.jpg
92,1692871_0.jpg,417077_2.jpg,5805839_2.jpg,948745_2.jpg,6357292_2.jpg,3766409_2.jpg,5299557_2.jpg,1613848_0.jpg,3779080_0.jpg,3518216_2.jpg
93,1693803_0.jpg,46_0.jpg,958266_0.jpg,2450505_0.jpg,436356_0.jpg,26_0.jpg,3_0.jpg,5299557_2.jpg,108_0.jpg,5630226_0.jpg
94,16_0.jpg,102_0.jpg,41_0.jpg,47_0.jpg,77_0.jpg,60_0.jpg,31_0.jpg,124_0.jpg,89_0.jpg,44_0.jpg
95,1707110_0.jpg,5939231_0.jpg,2614187_0.jpg,2565742_0.jpg,6203447_0.jpg,1707110_1.jpg,5939231_1.jpg,2283033_0.jpg,1679426_0.jpg,5794695_0.jpg
96,1707110_1.jpg,5939231_1.jpg,2565742_1.jpg,5880137_0.jpg,6203447_1.jpg,1211240_0.jpg,4063433_1.jpg,1576123_1.jpg,2614187_1.jpg,1707110_0.jpg
97,1707110_2.jpg,5939231_2.jpg,4063433_2.jpg,1576123_2.jpg,2565742_2.jpg,3323925_1.jpg,5794695_2.jpg,1707110_1.jpg,263977_2.jpg,3001626_0.jpg
98,17126_3.jpg,1473075_1.jpg,5451882_1.jpg,4022765_1.jpg,6532298_1.jpg,6532298_3.jpg,6532298_0.jpg,6532298_2.jpg,1473075_0.jpg,3588850_0.jpg
99,1794510_0.jpg,1527720_0.jpg,2348333_0.jpg,3432903_0.jpg,1926078_0.jpg,5456115_3.jpg,4985872_0.jpg,3007801_1.jpg,1926144_1.jpg,5456115_2.jpg
100,17_0.jpg,6007737_0.jpg,1111645_0.jpg,3945315_0.jpg,698940_1.jpg,2721276_0.jpg,766234_0.jpg,4207944_0.jpg,6505789_0.jpg,3929938_1.jpg
101,1864536_0.jpg,917099_0.jpg,3945315_0.jpg,510802_0.jpg,3785080_0.jpg,698940_0.jpg,2503614_0.jpg,6143573_1.jpg,6505789_0.jpg,6266112_0.jpg
102,18_0.jpg,19_0.jpg,2641262_1.jpg,2755487_0.jpg,1456671_0.jpg,4391117_0.jpg,1418639_2.jpg,4636037_0.jpg,3761227_1.jpg,1211240_1.jpg
103,1926078_0.jpg,4146518_1.jpg,4146518_0.jpg,4146518_2.jpg,3080655_0.jpg,2393473_0.jpg,5456115_3.jpg,6416356_0.jpg,5651469_0.jpg,5651469_1.jpg
104,1926144_0.jpg,3007801_0.jpg,567729_0.jpg,3728824_0.jpg,4209522_0.jpg,1416105_0.jpg,5755533_1.jpg,6460827_0.jpg,5755533_0.jpg,6359436_2.jpg
105,3007801_1.jpg,1926144_1.jpg,2165012_1.jpg,4985872_0.jpg,2614187_2.jpg,664385_2.jpg,2719924_0.jpg,2797132_0.jpg,238697_2.jpg,2797132_1.jpg
106,194493_0.jpg,194493_1.jpg,2857595_0.jpg,6622602_0.jpg,4985872_0.jpg,106_0.jpg,2719924_0.jpg,674194_1.jpg,22_0.jpg,39_1.jpg
107,194493_1.jpg,194493_0.jpg,2857595_0.jpg,6622602_0.jpg,4985872_0.jpg,106_0.jpg,2719924_0.jpg,674194_1.jpg,22_0.jpg,111_0.jpg
108,1951631_0.jpg,2110425_0.jpg,1129805_0.jpg,2904649_0.jpg,6676540_0.jpg,2774373_0.jpg,5755533_1.jpg,5057350_2.jpg,3779080_0.jpg,5430819_1.jpg
109,199060_0.jpg,105_0.jpg,6203447_1.jpg,5897501_0.jpg,72_0.jpg,6581096_1.jpg,3391830_0.jpg,7_0.jpg,6581096_0.jpg,6266112_0.jpg
110,19_0.jpg,19_1.jpg,112_1.jpg,112_0.jpg,5880137_1.jpg,5880137_2.jpg,3761227_1.jpg,1211240_1.jpg,5048970_1.jpg,2641262_1.jpg
111,19_1.jpg,112_1.jpg,19_0.jpg,5880137_1.jpg,112_0.jpg,5880137_2.jpg,92_0.jpg,15_0.jpg,6438372_1.jpg,6505789_0.jpg
112,1_0.jpg,56_0.jpg,55_0.jpg,83_0.jpg,88_0.jpg,48_0.jpg,0_0.jpg,90_0.jpg,28_0.jpg,5605151_0.jpg
113,2008369_0.jpg,2008369_1.jpg,3174536_1.jpg,1625168_1.jpg,1170894_0.jpg,6048512_0.jpg,739325_1.jpg,619948_1.jpg,1170894_1.jpg,2797132_0.jpg
114,2008369_1.jpg,2008369_0.jpg,1170894_0.jpg,1625168_1.jpg,3174536_1.jpg,1170894_1.jpg,739325_1.jpg,2771913_1.jpg,619948_1.jpg,2797132_0.jpg
115,2070927_0.jpg,3950161_0.jpg,2539075_0.jpg,4285581_0.jpg,5749819_0.jpg,2755487_0.jpg,4391117_0.jpg,4412540_0.jpg,3548744_0.jpg,1456671_0.jpg
116,20_0.jpg,88_0.jpg,48_0.jpg,56_0.jpg,121_0.jpg,83_0.jpg,2728604_0.jpg,55_0.jpg,90_0.jpg,105_0.jpg
117,2110425_0.jpg,1951631_0.jpg,1129805_0.jpg,6676540_0.jpg,2904649_0.jpg,2774373_0.jpg,5755533_1.jpg,5057350_2.jpg,3779080_0.jpg,5430819_1.jpg
118,2165012_0.jpg,6359436_2.jpg,6359436_1.jpg,6460827_0.jpg,5755533_0.jpg,1613848_0.jpg,3007801_0.jpg,1926144_0.jpg,5057350_2.jpg,3518216_2.jpg
119,2165012_1.jpg,5755533_2.jpg,3007801_0.jpg,1926144_0.jpg,1926144_1.jpg,3007801_1.jpg,1370619_0.jpg,5755533_1.jpg,4209522_0.jpg,3728824_0.jpg
120,217204_0.jpg,4489130_0.jpg,2008369_1.jpg,2539075_0.jpg,3315255_3.jpg,3315255_0.jpg,3315255_2.jpg,3315255_1.jpg,35231_1.jpg,35231_0.jpg
121,2219063_0.jpg,1360443_0.jpg,684408_1.jpg,1527720_1.jpg,5586792_0.jpg,958266_0.jpg,120_3.jpg,6_0.jpg,1613848_0.jpg,13_1.jpg
122,2219063_1.jpg,2219063_3.jpg,684408_1.jpg,5630226_0.jpg,6_0.jpg,684408_0.jpg,261890_1.jpg,2450505_0.jpg,5023985_0.jpg,1323502_3.jpg
123,2219063_2.jpg,1306638_1.jpg,1306638_0.jpg,2219063_3.jpg,674194_1.jpg,5630226_2.jpg,1527720_1.jpg,22_0.jpg,2527501_0.jpg,2780180_2.jpg
124,2219063_3.jpg,2219063_1.jpg,5571423_0.jpg,2780180_1.jpg,436356_0.jpg,684408_1.jpg,684408_2.jpg,958266_0.jpg,5583834_0.jpg,2524410_1.jpg
125,2249413_0.jpg,6143573_1.jpg,6147917_0.jpg,6652881_0.jpg,2283033_1.jpg,5692853_0.jpg,2614187_1.jpg,1679426_1.jpg,2527501_0.jpg,6505789_0.jpg
126,2253833_3.jpg,2253833_0.jpg,6359436_0.jpg,2253833_1.jpg,22_0.jpg,122_3.jpg,2614187_2.jpg,1692871_0.jpg,4719256_0.jpg,3894379_1.jpg
127,2253833_1.jpg,6359436_1.jpg,6359436_2.jpg,4209522_0.jpg,3728824_0.jpg,1416105_0.jpg,1926144_0.jpg,3007801_0.jpg,6298920_0.jpg,5755533_0.jpg
128,2253833_2.jpg,5276268_0.jpg,6700634_0.jpg,5277036_0.jpg,6359436_2.jpg,1926078_0.jpg,6359436_1.jpg,5299557_1.jpg,5127422_0.jpg,3235516_0.jpg
129,2253833_3.jpg,2253833_0.jpg,6359436_0.jpg,2253833_1.jpg,22_0.jpg,122_3.jpg,2614187_2.jpg,1692871_0.jpg,4719256_0.jpg,3894379_1.jpg
130,2261625_0.jpg,5571423_0.jpg,684408_1.jpg,684408_2.jpg,2445924_0.jpg,1238122_0.jpg,2857595_0.jpg,436356_0.jpg,1417301_0.jpg,2524410_1.jpg
131,2271854_0.jpg,2271854_1.jpg,436356_0.jpg,2780180_1.jpg,1527720_0.jpg,2219063_3.jpg,5571423_0.jpg,5879123_0.jpg,1417301_0.jpg,99_0.jpg
132,2271854_1.jpg,1527720_0.jpg,5399576_0.jpg,4905153_0.jpg,4221663_2.jpg,1926078_0.jpg,1417301_1.jpg,95_0.jpg,4386407_1.jpg,3080655_0.jpg
133,2283033_0.jpg,1679426_0.jpg,2283033_1.jpg,3929938_1.jpg,1679426_1.jpg,1707110_0.jpg,5939231_0.jpg,2565742_0.jpg,4063433_0.jpg,1576123_0.jpg
134,2283033_1.jpg,1679426_1.jpg,3929938_0.jpg,1679426_0.jpg,766234_0.jpg,2249413_0.jpg,5692853_0.jpg,6652881_0.jpg,2283033_0.jpg,3945315_0.jpg
135,2286552_2.jpg,2286552_1.jpg,2286552_0.jpg,2286552_3.jpg,4719256_0.jpg,619948_0.jpg,6159559_0.jpg,3174536_0.jpg,3894379_1.jpg,4719256_1.jpg
136,2286552_2.jpg,2286552_1.jpg,2286552_0.jpg,2286552_3.jpg,4719256_0.jpg,619948_0.jpg,6159559_0.jpg,3174536_0.jpg,3894379_1.jpg,4719256_1.jpg
137,2286552_2.jpg,2286552_1.jpg,2286552_0.jpg,2286552_3.jpg,4719256_0.jpg,619948_0.jpg,6159559_0.jpg,3174536_0.jpg,3894379_1.jpg,4719256_1.jpg
138,2286552_2.jpg,2286552_1.jpg,2286552_0.jpg,2286552_3.jpg,4719256_0.jpg,619948_0.jpg,6159559_0.jpg,3174536_0.jpg,3894379_1.jpg,4719256_1.jpg
139,2292197_0.jpg,2292197_2.jpg,868312_0.jpg,2292197_3.jpg,2292197_1.jpg,6080959_2.jpg,6080959_0.jpg,2771913_0.jpg,739325_0.jpg,1625168_0.jpg
140,2292197_1.jpg,2292197_3.jpg,868312_0.jpg,2292197_2.jpg,2292197_0.jpg,1170894_0.jpg,2797132_1.jpg,3174536_1.jpg,1170894_1.jpg,2797132_0.jpg
141,2292197_0.jpg,2292197_2.jpg,868312_0.jpg,2292197_3.jpg,2292197_1.jpg,6080959_2.jpg,6080959_0.jpg,2771913_0.jpg,739325_0.jpg,1625168_0.jpg
142,2292197_1.jpg,2292197_3.jpg,868312_0.jpg,2292197_2.jpg,2292197_0.jpg,1170894_0.jpg,2797132_1.jpg,3174536_1.jpg,1170894_1.jpg,2797132_0.jpg
143,22_0.jpg,5240612_0.jpg,821201_0.jpg,958266_0.jpg,2857595_0.jpg,106_0.jpg,43_0.jpg,114_0.jpg,1478575_0.jpg,114_2.jpg
144,230100_0.jpg,5805839_2.jpg,6357292_2.jpg,417077_2.jpg,948745_2.jpg,3766409_2.jpg,263977_0.jpg,263977_1.jpg,3779080_0.jpg,3518216_2.jpg
145,2348333_0.jpg,8_0.jpg,1527720_0.jpg,3_0.jpg,1794510_0.jpg,1306638_1.jpg,1306638_0.jpg,98_3.jpg,5456115_2.jpg,1926078_0.jpg
146,238420_0.jpg,2601997_0.jpg,3785080_0.jpg,2283033_1.jpg,2249413_0.jpg,6505789_0.jpg,2795694_0.jpg,917099_0.jpg,4530827_0.jpg,1679426_1.jpg
147,238697_0.jpg,664385_0.jpg,2795694_0.jpg,4530827_0.jpg,5692853_0.jpg,2601997_0.jpg,766234_0.jpg,5531218_0.jpg,5076193_0.jpg,2249413_0.jpg
148,238697_1.jpg,664385_1.jpg,5326936_2.jpg,5456115_3.jpg,101_0.jpg,39_0.jpg,3061333_2.jpg,39_1.jpg,6357292_1.jpg,417077_1.jpg
149,238697_2.jpg,664385_2.jpg,2614187_2.jpg,114_0.jpg,43_0.jpg,2797132_0.jpg,3894379_1.jpg,1707110_1.jpg,3894379_2.jpg,3007801_1.jpg
150,2393473_0.jpg,4146518_1.jpg,4146518_2.jpg,4146518_0.jpg,3080655_0.jpg,1926078_0.jpg,5651469_1.jpg,5651469_0.jpg,69_0.jpg,6416356_0.jpg
151,2396442_0.jpg,766234_0.jpg,263977_2.jpg,664385_2.jpg,2070927_0.jpg,3391830_3.jpg,1111645_0.jpg,1679426_0.jpg,3017986_0.jpg,238697_2.jpg
152,2445924_0.jpg,684408_1.jpg,2261625_0.jpg,22_0.jpg,664385_2.jpg,238697_2.jpg,43_0.jpg,114_0.jpg,436356_0.jpg,1926078_0.jpg
153,2450505_0.jpg,5630226_0.jpg,684408_0.jpg,684408_2.jpg,684408_1.jpg,261890_1.jpg,958266_0.jpg,261890_0.jpg,1238122_1.jpg,3017986_0.jpg
154,2503614_0.jpg,3123386_0.jpg,698940_0.jpg,4412540_0.jpg,4391117_0.jpg,4636037_0.jpg,917099_0.jpg,6505789_0.jpg,2755487_0.jpg,5101613_0.jpg
155,2524410_0.jpg,2524410_1.jpg,958266_0.jpg,684408_1.jpg,22_0.jpg,261890_0.jpg,261890_1.jpg,2857595_0.jpg,5583834_0.jpg,5630226_2.jpg
156,2524410_1.jpg,2524410_0.jpg,684408_1.jpg,261890_1.jpg,261890_0.jpg,5583834_0.jpg,684408_2.jpg,958266_0.jpg,73_1.jpg,5630226_2.jpg
157,2527501_0.jpg,6147917_0.jpg,6143573_1.jpg,6652881_0.jpg,698940_0.jpg,2249413_0.jpg,3825793_0.jpg,2614187_1.jpg,510802_0.jpg,5794695_1.jpg
158,2539075_0.jpg,3548744_0.jpg,3315255_0.jpg,3315255_3.jpg,3315255_2.jpg,3315255_1.jpg,5749819_0.jpg,1625168_1.jpg,3174536_1.jpg,1456671_0.jpg
159,2565742_0.jpg,5794695_0.jpg,1576123_0.jpg,4063433_0.jpg,1707110_0.jpg,2565742_1.jpg,6203447_0.jpg,3929938_1.jpg,2614187_0.jpg,5794695_1.jpg
160,2565742_1.jpg,3323925_0.jpg,5794695_1.jpg,4063433_1.jpg,1576123_1.jpg,1707110_1.jpg,6621993_1.jpg,2565742_0.jpg,5939231_1.jpg,5692853_0.jpg
161,2565742_2.jpg,4063433_2.jpg,1576123_2.jpg,5939231_2.jpg,3323925_1.jpg,1707110_2.jpg,5794695_2.jpg,1707110_1.jpg,664385_2.jpg,238697_2.jpg
162,25_0.jpg,25_2.jpg,25_1.jpg,130374_3.jpg,64_1.jpg,80_0.jpg,2601997_0.jpg,6147917_0.jpg,95_0.jpg,2249413_0.jpg
163,25_1.jpg,25_0.jpg,25_2.jpg,64_0.jpg,40_0.jpg,130374_3.jpg,5456115_2.jpg,64_1.jpg,11_0.jpg,74_0.jpg
164,25_2.jpg,25_0.jpg,64_1.jpg,130374_3.jpg,80_0.jpg,25_1.jpg,2601997_0.jpg,5219922_2.jpg,55_0.jpg,1088984_0.jpg
165,25_3.jpg,64_2.jpg,5326936_2.jpg,3391830_3.jpg,5219922_2.jpg,3243359_1.jpg,4221663_2.jpg,3950161_0.jpg,98_3.jpg,238420_0.jpg
166,2601997_0.jpg,2795694_0.jpg,4530827_0.jpg,2249413_0.jpg,6652881_0.jpg,766234_0.jpg,238420_0.jpg,5692853_0.jpg,6505789_0.jpg,6147917_0.jpg
167,2614187_0.jpg,6203447_0.jpg,1707110_0.jpg,2614187_1.jpg,5939231_0.jpg,6143573_0.jpg,2565742_0.jpg,3929938_1.jpg,3061333_0.jpg,5794695_0.jpg
168,2614187_1.jpg,6203447_1.jpg,6143573_1.jpg,2614187_0.jpg,5939231_1.jpg,1707110_1.jpg,2249413_0.jpg,2527501_0.jpg,6147917_0.jpg,1211240_0.jpg
169,2614187_2.jpg,238697_2.jpg,664385_2.jpg,263977_2.jpg,5430819_1.jpg,5057350_2.jpg,598876_1.jpg,3779080_0.jpg,3518216_2.jpg,5755533_1.jpg
170,261890_0.jpg,261890_1.jpg,684408_2.jpg,684408_1.jpg,958266_0.jpg,5630226_0.jpg,2524410_1.jpg,684408_0.jpg,5630226_2.jpg,5583834_0.jpg
171,261890_1.jpg,261890_0.jpg,684408_2.jpg,684408_1.jpg,958266_0.jpg,5630226_0.jpg,2524410_1.jpg,684408_0.jpg,5630226_2.jpg,2450505_0.jpg
172,263977_0.jpg,3061333_0.jpg,6143573_0.jpg,5939231_0.jpg,6203447_0.jpg,2614187_0.jpg,2565742_0.jpg,263977_1.jpg,4063433_0.jpg,1576123_0.jpg
173,263977_1.jpg,3061333_1.jpg,698940_0.jpg,6143573_1.jpg,4063433_1.jpg,1576123_1.jpg,6652881_0.jpg,3825793_0.jpg,5076193_0.jpg,3592570_1.jpg
174,263977_2.jpg,3061333_2.jpg,2614187_2.jpg,6203447_0.jpg,6359436_1.jpg,263977_0.jpg,6249716_0.jpg,35231_1.jpg,6266970_0.jpg,3894379_2.jpg
175,2641262_0.jpg,2503614_0.jpg,5749819_0.jpg,5048970_1.jpg,2539075_0.jpg,3761227_1.jpg,1211240_1.jpg,3123386_0.jpg,3169236_1.jpg,698940_0.jpg
176,2641262_1.jpg,5048970_1.jpg,1211240_1.jpg,3761227_1.jpg,35231_0.jpg,3548744_0.jpg,112_1.jpg,3315255_3.jpg,3315255_2.jpg,3315255_0.jpg
177,26_0.jpg,26_1.jpg,6359436_0.jpg,26_3.jpg,3_0.jpg,5299557_0.jpg,3432903_2.jpg,451241_2.jpg,3894379_2.jpg,1926078_0.jpg
178,26_1.jpg,26_0.jpg,26_3.jpg,6359436_0.jpg,42_0.jpg,1576123_1.jpg,4063433_1.jpg,3929938_0.jpg,6159559_1.jpg,1211240_0.jpg
179,26_2.jpg,84_0.jpg,33_1.jpg,33_0.jpg,674194_1.jpg,57_0.jpg,57_1.jpg,125_0.jpg,26_0.jpg,95_0.jpg
180,26_3.jpg,26_0.jpg,5240612_0.jpg,36_0.jpg,2292197_0.jpg,2292197_2.jpg,6359436_0.jpg,22_0.jpg,3017986_0.jpg,4397251_1.jpg
181,2719924_0.jpg,4985872_0.jpg,3007801_1.jpg,1926144_1.jpg,2857595_0.jpg,1360443_0.jpg,451241_0.jpg,106_0.jpg,22_0.jpg,5871960_0.jpg
182,2721276_0.jpg,3945315_0.jpg,6505789_0.jpg,766234_0.jpg,698940_1.jpg,2283033_1.jpg,1679426_1.jpg,1864536_0.jpg,2601997_0.jpg,4530827_0.jpg
183,2728604_0.jpg,5692853_0.jpg,3785080_0.jpg,2249413_0.jpg,2283033_1.jpg,1679426_1.jpg,2601997_0.jpg,698940_1.jpg,4063433_1.jpg,1576123_1.jpg
184,2755487_0.jpg,4391117_0.jpg,4412540_0.jpg,5101613_0.jpg,4636037_0.jpg,1082183_0.jpg,698940_1.jpg,1456671_0.jpg,395560_0.jpg,2503614_0.jpg
185,2771913_0.jpg,1625168_0.jpg,739325_0.jpg,6080959_0.jpg,6080959_2.jpg,2292197_2.jpg,2292197_0.jpg,1456671_0.jpg,395560_0.jpg,1082183_0.jpg
186,2771913_1.jpg,1625168_1.jpg,739325_1.jpg,6048512_0.jpg,2797132_0.jpg,4719256_1.jpg,6159559_1.jpg,3174536_1.jpg,2008369_1.jpg,2797132_1.jpg
187,2774373_0.jpg,1129805_0.jpg,6676540_0.jpg,2904649_0.jpg,2110425_0.jpg,1951631_0.jpg,5755533_1.jpg,5057350_2.jpg,3779080_0.jpg,5430819_1.jpg
188,2775357_1.jpg,2775357_3.jpg,2775357_0.jpg,2775357_2.jpg,17126_3.jpg,5451882_1.jpg,4022765_1.jpg,1473075_1.jpg,6532298_1.jpg,6532298_0.jpg
189,2775357_1.jpg,2775357_3.jpg,2775357_0.jpg,2775357_2.jpg,17126_3.jpg,5451882_1.jpg,4022765_1.jpg,1473075_1.jpg,6532298_1.jpg,6532298_0.jpg
190,2775357_1.jpg,2775357_3.jpg,2775357_0.jpg,2775357_2.jpg,17126_3.jpg,5451882_1.jpg,4022765_1.jpg,1473075_1.jpg,6532298_1.jpg,6532298_0.jpg
191,2775357_1.jpg,2775357_3.jpg,2775357_0.jpg,2775357_2.jpg,17126_3.jpg,5451882_1.jpg,4022765_1.jpg,1473075_1.jpg,6532298_1.jpg,6532298_0.jpg
192,2780180_0.jpg,2780180_2.jpg,5586792_0.jpg,674194_0.jpg,2780180_1.jpg,5879123_0.jpg,674194_1.jpg,1088984_0.jpg,88_0.jpg,3432903_1.jpg
193,2780180_1.jpg,5879123_0.jpg,2780180_2.jpg,1417301_0.jpg,1527720_0.jpg,2219063_3.jpg,80_0.jpg,3080655_0.jpg,1527720_1.jpg,5456115_2.jpg
194,2780180_2.jpg,2780180_3.jpg,2780180_1.jpg,5879123_0.jpg,1527720_0.jpg,5630226_2.jpg,130374_0.jpg,6622602_0.jpg,1794510_0.jpg,5586792_0.jpg
195,2780180_3.jpg,2780180_2.jpg,8_0.jpg,2348333_0.jpg,3243359_3.jpg,3391830_3.jpg,4489130_0.jpg,4221663_3.jpg,2539075_0.jpg,22_0.jpg
196,2795694_0.jpg,2601997_0.jpg,4530827_0.jpg,5692853_0.jpg,664385_0.jpg,766234_0.jpg,6652881_0.jpg,238420_0.jpg,2249413_0.jpg,5531218_0.jpg
197,2797132_0.jpg,2797132_1.jpg,6080959_3.jpg,6080959_1.jpg,1170894_0.jpg,1170894_1.jpg,6080959_0.jpg,6080959_2.jpg,4719256_1.jpg,3174536_1.jpg
198,2797132_1.jpg,6080959_1.jpg,6080959_3.jpg,2797132_0.jpg,1170894_1.jpg,1170894_0.jpg,2292197_1.jpg,2292197_3.jpg,3174536_1.jpg,4719256_1.jpg
199,2848048_0.jpg,2249413_0.jpg,3592570_1.jpg,3929938_0.jpg,5531218_0.jpg,5962041_0.jpg,2283033_1.jpg,1679426_1.jpg,6621993_1.jpg,3323925_0.jpg
200,2853133_0.jpg,4418633_0.jpg,5669633_0.jpg,3996265_0.jpg,1076297_0.jpg,4768716_0.jpg,6460827_0.jpg,5755533_0.jpg,4024812_0.jpg,1613848_0.jpg
201,2857595_0.jpg,22_0.jpg,5879123_0.jpg,674194_1.jpg,106_0.jpg,2719924_0.jpg,194493_1.jpg,194493_0.jpg,684408_1.jpg,6622602_0.jpg
202,2894006_0.jpg,868312_0.jpg,2539075_0.jpg,2008369_0.jpg,2008369_1.jpg,6159559_0.jpg,3315255_2.jpg,3315255_3.jpg,3315255_0.jpg,3315255_1.jpg
203,28_0.jpg,5_0.jpg,56_0.jpg,0_0.jpg,83_0.jpg,88_0.jpg,48_0.jpg,1_0.jpg,8_0.jpg,5531218_0.jpg
204,6676540_0.jpg,2904649_0.jpg,1129805_0.jpg,2774373_0.jpg,2110425_0.jpg,1951631_0.jpg,5755533_1.jpg,5057350_2.jpg,3779080_0.jpg,5430819_1.jpg
205,2_0.jpg,5630226_2.jpg,7_0.jpg,684408_0.jpg,1794510_0.jpg,684408_1.jpg,19_0.jpg,5630226_0.jpg,111_0.jpg,2261625_0.jpg
206,3001626_0.jpg,5299557_1.jpg,5755533_1.jpg,4209522_0.jpg,3728824_0.jpg,1416105_0.jpg,6357292_2.jpg,5805839_2.jpg,417077_2.jpg,3766409_2.jpg
207,1926144_0.jpg,3007801_0.jpg,567729_0.jpg,3728824_0.jpg,4209522_0.jpg,1416105_0.jpg,5755533_1.jpg,6460827_0.jpg,5755533_0.jpg,6359436_2.jpg
208,3007801_1.jpg,1926144_1.jpg,2165012_1.jpg,4985872_0.jpg,2614187_2.jpg,664385_2.jpg,2719924_0.jpg,2797132_0.jpg,238697_2.jpg,2797132_1.jpg
209,3017986_0.jpg,5299557_0.jpg,5299557_1.jpg,3779080_2.jpg,5430819_0.jpg,5057350_0.jpg,598876_0.jpg,3518216_0.jpg,3017986_1.jpg,5430819_2.jpg
210,3017986_1.jpg,3017986_0.jpg,4037153_0.jpg,5127422_0.jpg,3235516_0.jpg,3518216_2.jpg,598876_1.jpg,5430819_1.jpg,5057350_2.jpg,3779080_0.jpg
211,3061333_0.jpg,263977_0.jpg,3061333_1.jpg,6143573_0.jpg,5939231_0.jpg,2614187_0.jpg,263977_1.jpg,1707110_0.jpg,6203447_0.jpg,2565742_0.jpg
212,3061333_1.jpg,263977_1.jpg,3061333_0.jpg,6652881_0.jpg,698940_0.jpg,6143573_1.jpg,2565742_1.jpg,1211240_0.jpg,1576123_1.jpg,4063433_1.jpg
213,3061333_2.jpg,263977_2.jpg,35231_1.jpg,6266970_0.jpg,417077_1.jpg,948745_1.jpg,6357292_1.jpg,2797132_0.jpg,417077_0.jpg,948745_0.jpg
214,3080655_0.jpg,5651469_0.jpg,5651469_1.jpg,1926078_0.jpg,4146518_2.jpg,4146518_0.jpg,4146518_1.jpg,2393473_0.jpg,5326936_3.jpg,506662_3.jpg
215,30_0.jpg,66_0.jpg,51_0.jpg,11_0.jpg,89_0.jpg,34_0.jpg,64_0.jpg,64_1.jpg,74_0.jpg,5326936_0.jpg
216,3123386_0.jpg,2503614_0.jpg,698940_0.jpg,263977_1.jpg,2539075_0.jpg,5165978_0.jpg,4063433_1.jpg,1576123_1.jpg,4412540_0.jpg,4285581_0.jpg
217,3154838_0.jpg,1111645_0.jpg,3929938_0.jpg,2283033_1.jpg,3785080_0.jpg,1679426_1.jpg,698940_0.jpg,917099_0.jpg,6007737_0.jpg,698940_1.jpg
218,3169236_0.jpg,3169236_1.jpg,2601997_0.jpg,1456671_0.jpg,1046233_0.jpg,510802_0.jpg,734879_1.jpg,734879_0.jpg,698940_1.jpg,395560_0.jpg
219,3169236_1.jpg,3169236_0.jpg,2601997_0.jpg,1456671_0.jpg,510802_0.jpg,1046233_0.jpg,698940_1.jpg,734879_1.jpg,734879_0.jpg,395560_0.jpg
220,3174536_0.jpg,619948_0.jpg,4719256_0.jpg,2286552_3.jpg,2286552_1.jpg,2286552_2.jpg,2286552_0.jpg,6159559_0.jpg,3174536_1.jpg,2008369_0.jpg
221,3174536_1.jpg,6048512_0.jpg,619948_1.jpg,6159559_1.jpg,4719256_1.jpg,739325_1.jpg,1170894_1.jpg,1625168_1.jpg,2797132_0.jpg,2292197_1.jpg
222,31_0.jpg,102_0.jpg,124_0.jpg,47_0.jpg,60_0.jpg,89_0.jpg,41_0.jpg,11_0.jpg,34_0.jpg,44_0.jpg
223,3235516_0.jpg,5127422_0.jpg,6700634_0.jpg,5276268_0.jpg,5299557_1.jpg,5755533_1.jpg,3017986_0.jpg,3518216_0.jpg,5430819_0.jpg,5057350_0.jpg
224,3240637_0.jpg,3240637_1.jpg,5451882_1.jpg,6532298_2.jpg,6532298_3.jpg,6532298_1.jpg,6532298_0.jpg,5165978_0.jpg,2539075_0.jpg,739325_1.jpg
225,3240637_1.jpg,3240637_0.jpg,553331_0.jpg,2539075_0.jpg,6048512_0.jpg,5165978_0.jpg,739325_1.jpg,6483073_0.jpg,6159559_1.jpg,698940_0.jpg
226,3243359_0.jpg,4221663_0.jpg,4905153_0.jpg,5326936_0.jpg,4386407_0.jpg,506662_0.jpg,4905153_1.jpg,4386407_1.jpg,64_0.jpg,64_1.jpg
227,3243359_1.jpg,5326936_2.jpg,4221663_2.jpg,5456115_3.jpg,4386407_1.jpg,238697_1.jpg,3061333_2.jpg,4905153_1.jpg,3243359_0.jpg,1370619_0.jpg
228,5326936_1.jpg,3243359_2.jpg,506662_2.jpg,4905153_2.jpg,4386407_3.jpg,4221663_1.jpg,6621993_0.jpg,3592570_0.jpg,5962041_0.jpg,3592570_1.jpg
229,3243359_3.jpg,4905153_1.jpg,506662_1.jpg,4221663_3.jpg,4221663_2.jpg,3243359_0.jpg,3243359_1.jpg,2894006_0.jpg,3007801_1.jpg,1926144_1.jpg
230,3315255_2.jpg,3315255_3.jpg,3315255_1.jpg,3315255_0.jpg,619948_1.jpg,2539075_0.jpg,1625168_1.jpg,3548744_0.jpg,6048512_0.jpg,6159559_1.jpg
231,3315255_2.jpg,3315255_3.jpg,3315255_1.jpg,3315255_0.jpg,619948_1.jpg,2539075_0.jpg,1625168_1.jpg,3548744_0.jpg,6048512_0.jpg,6159559_1.jpg
232,3315255_2.jpg,3315255_3.jpg,3315255_1.jpg,3315255_0.jpg,619948_1.jpg,2539075_0.jpg,1625168_1.jpg,3548744_0.jpg,6048512_0.jpg,6159559_1.jpg
233,3315255_2.jpg,3315255_3.jpg,3315255_1.jpg,3315255_0.jpg,619948_1.jpg,2539075_0.jpg,1625168_1.jpg,3548744_0.jpg,6048512_0.jpg,6159559_1.jpg
234,3323925_0.jpg,5794695_1.jpg,2565742_1.jpg,1576123_1.jpg,4063433_1.jpg,5692853_0.jpg,5794695_0.jpg,6621993_1.jpg,6143573_1.jpg,3825793_0.jpg
235,3323925_1.jpg,5794695_2.jpg,1576123_2.jpg,4063433_2.jpg,2565742_2.jpg,1707110_2.jpg,5939231_2.jpg,1707110_1.jpg,230100_0.jpg,263977_1.jpg
236,3391830_0.jpg,3945315_0.jpg,6203447_1.jpg,2614187_1.jpg,510802_0.jpg,2721276_0.jpg,1864536_0.jpg,2614187_0.jpg,6505789_0.jpg,238420_0.jpg
237,3391830_1.jpg,263977_1.jpg,3061333_1.jpg,1576123_1.jpg,4063433_1.jpg,3825793_0.jpg,6652881_0.jpg,3323925_1.jpg,5165978_0.jpg,3950161_0.jpg
238,3391830_2.jpg,3391830_3.jpg,3315255_2.jpg,3315255_1.jpg,3315255_3.jpg,3315255_0.jpg,3548744_0.jpg,1111645_0.jpg,451241_2.jpg,3432903_2.jpg
239,3391830_3.jpg,3391830_2.jpg,3996629_0.jpg,4530827_0.jpg,125_2.jpg,8_0.jpg,5531218_0.jpg,1111645_0.jpg,5076193_0.jpg,3592570_1.jpg
240,33_1.jpg,33_0.jpg,26_2.jpg,62_1.jpg,22_0.jpg,39_1.jpg,125_1.jpg,35231_1.jpg,1370619_0.jpg,734879_0.jpg
241,33_1.jpg,33_0.jpg,26_2.jpg,62_1.jpg,22_0.jpg,39_1.jpg,125_1.jpg,35231_1.jpg,1370619_0.jpg,734879_0.jpg
242,3432903_0.jpg,451241_0.jpg,1478575_0.jpg,122_3.jpg,451241_1.jpg,1794510_0.jpg,4985872_0.jpg,3432903_1.jpg,506662_1.jpg,1926144_1.jpg
243,3432903_1.jpg,451241_1.jpg,3432903_0.jpg,451241_0.jpg,2719924_0.jpg,1478575_0.jpg,13_1.jpg,2445924_0.jpg,4985872_0.jpg,684408_1.jpg
244,3432903_2.jpg,451241_2.jpg,2641262_1.jpg,6159559_1.jpg,26_0.jpg,3315255_3.jpg,3315255_2.jpg,3315255_0.jpg,3315255_1.jpg,3391830_2.jpg
245,3445765_0.jpg,3518216_2.jpg,598876_1.jpg,5430819_1.jpg,3779080_0.jpg,5057350_2.jpg,5299557_1.jpg,5430819_0.jpg,5057350_0.jpg,3518216_0.jpg
246,34_0.jpg,11_0.jpg,102_0.jpg,77_0.jpg,44_0.jpg,31_0.jpg,47_0.jpg,61_0.jpg,8_0.jpg,83_0.jpg
247,598876_0.jpg,5057350_0.jpg,5430819_0.jpg,3779080_2.jpg,3518216_0.jpg,3766409_1.jpg,5805839_1.jpg,5299557_1.jpg,6357292_1.jpg,417077_1.jpg
248,5057350_1.jpg,3779080_1.jpg,3518216_1.jpg,5430819_2.jpg,598876_2.jpg,5805839_0.jpg,3766409_0.jpg,417077_0.jpg,948745_0.jpg,6357292_0.jpg
249,5430819_1.jpg,598876_1.jpg,3518216_2.jpg,3779080_0.jpg,5057350_2.jpg,5299557_2.jpg,417077_2.jpg,6357292_2.jpg,3766409_2.jpg,5805839_2.jpg
250,35231_0.jpg,35231_1.jpg,6266970_0.jpg,3315255_3.jpg,3315255_1.jpg,3315255_2.jpg,3315255_0.jpg,2641262_1.jpg,6249716_0.jpg,3548744_0.jpg
251,35231_1.jpg,6266970_0.jpg,35231_0.jpg,6080959_2.jpg,6080959_0.jpg,3061333_2.jpg,2797132_0.jpg,6249716_0.jpg,4719256_0.jpg,62_1.jpg
252,3548744_0.jpg,2539075_0.jpg,3315255_1.jpg,3315255_2.jpg,3315255_3.jpg,3315255_0.jpg,5749819_0.jpg,1625168_1.jpg,739325_1.jpg,6080959_2.jpg
253,3560786_0.jpg,698940_1.jpg,4391117_0.jpg,4207944_0.jpg,2755487_0.jpg,6007737_0.jpg,4636037_0.jpg,5101613_0.jpg,395560_0.jpg,4412540_0.jpg
254,3588850_0.jpg,4411723_1.jpg,5451882_1.jpg,1473075_1.jpg,4022765_1.jpg,17126_3.jpg,6532298_3.jpg,6532298_2.jpg,6532298_1.jpg,6532298_0.jpg
255,3592570_0.jpg,6621993_0.jpg,5962041_0.jpg,3592570_1.jpg,5531218_0.jpg,5237851_0.jpg,1422091_0.jpg,5076193_0.jpg,6621993_1.jpg,1211240_0.jpg
256,3592570_1.jpg,5962041_0.jpg,5531218_0.jpg,6621993_1.jpg,5076193_0.jpg,5237851_0.jpg,1422091_0.jpg,4063433_1.jpg,1576123_1.jpg,5692853_0.jpg
257,35_0.jpg,3154838_0.jpg,3323925_0.jpg,2565742_1.jpg,5794695_1.jpg,4063433_1.jpg,1576123_1.jpg,917099_0.jpg,698940_0.jpg,6621993_1.jpg
258,36_0.jpg,26_3.jpg,22_0.jpg,5939231_1.jpg,5240612_0.jpg,2614187_1.jpg,6203447_1.jpg,33_1.jpg,33_0.jpg,6112991_0.jpg
259,3702548_0.jpg,6652881_0.jpg,6159559_0.jpg,4719256_0.jpg,3894379_1.jpg,3174536_0.jpg,2286552_0.jpg,2286552_2.jpg,2286552_3.jpg,2286552_1.jpg
260,3728824_0.jpg,1416105_0.jpg,4209522_0.jpg,3007801_0.jpg,1926144_0.jpg,5755533_1.jpg,3779080_2.jpg,3518216_0.jpg,5057350_0.jpg,5430819_0.jpg
261,3761227_0.jpg,1211240_0.jpg,5076193_0.jpg,1707110_1.jpg,5939231_1.jpg,6143573_1.jpg,5880137_0.jpg,1576123_1.jpg,4063433_1.jpg,2565742_1.jpg
262,1211240_1.jpg,3761227_1.jpg,5048970_1.jpg,2641262_1.jpg,2539075_0.jpg,1456671_0.jpg,3315255_1.jpg,3315255_2.jpg,3315255_0.jpg,3315255_3.jpg
263,3766409_0.jpg,5805839_0.jpg,5430819_2.jpg,598876_2.jpg,5057350_1.jpg,3779080_1.jpg,3518216_1.jpg,417077_0.jpg,948745_0.jpg,6357292_0.jpg
264,3766409_1.jpg,5805839_1.jpg,948745_1.jpg,6357292_1.jpg,417077_1.jpg,5057350_0.jpg,3518216_0.jpg,598876_0.jpg,5430819_0.jpg,3779080_2.jpg
265,948745_2.jpg,417077_2.jpg,6357292_2.jpg,5805839_2.jpg,3766409_2.jpg,5057350_2.jpg,3779080_0.jpg,598876_1.jpg,5430819_1.jpg,3518216_2.jpg
266,5430819_1.jpg,598876_1.jpg,3518216_2.jpg,3779080_0.jpg,5057350_2.jpg,5299557_2.jpg,417077_2.jpg,6357292_2.jpg,3766409_2.jpg,5805839_2.jpg
267,5057350_1.jpg,3779080_1.jpg,3518216_1.jpg,5430819_2.jpg,598876_2.jpg,5805839_0.jpg,3766409_0.jpg,417077_0.jpg,948745_0.jpg,6357292_0.jpg
268,598876_0.jpg,5057350_0.jpg,5430819_0.jpg,3779080_2.jpg,3518216_0.jpg,3766409_1.jpg,5805839_1.jpg,5299557_1.jpg,6357292_1.jpg,417077_1.jpg
269,3785080_0.jpg,6266112_0.jpg,698940_0.jpg,2728604_0.jpg,3154838_0.jpg,238420_0.jpg,5692853_0.jpg,917099_0.jpg,2283033_1.jpg,2527501_0.jpg
270,37_0.jpg,80_0.jpg,1420572_0.jpg,55_0.jpg,1422091_0.jpg,1417301_0.jpg,3825793_0.jpg,1579564_0.jpg,104_0.jpg,90_0.jpg
271,3809087_0.jpg,6019869_0.jpg,6416356_0.jpg,5456115_3.jpg,5456115_2.jpg,1926078_0.jpg,417077_1.jpg,948745_1.jpg,6357292_1.jpg,6359436_1.jpg
272,3820267_0.jpg,6532298_0.jpg,6532298_1.jpg,6532298_3.jpg,6532298_2.jpg,5451882_1.jpg,4022765_1.jpg,5494334_1.jpg,1473075_1.jpg,17126_3.jpg
273,3825793_0.jpg,6652881_0.jpg,6143573_1.jpg,5794695_1.jpg,2527501_0.jpg,263977_1.jpg,1579564_0.jpg,3323925_0.jpg,1576123_1.jpg,4063433_1.jpg
274,3834622_0.jpg,6159559_0.jpg,3391830_3.jpg,98_3.jpg,6483073_0.jpg,97_1.jpg,3391830_2.jpg,2286552_1.jpg,2286552_0.jpg,2286552_3.jpg
275,3894379_0.jpg,3894379_1.jpg,6159559_0.jpg,4719256_0.jpg,1692871_0.jpg,2286552_1.jpg,2286552_3.jpg,2286552_2.jpg,2286552_0.jpg,619948_0.jpg
276,3894379_1.jpg,3894379_0.jpg,6159559_0.jpg,4719256_0.jpg,2286552_0.jpg,2286552_3.jpg,2286552_1.jpg,2286552_2.jpg,619948_0.jpg,664385_2.jpg
277,3894379_2.jpg,3445765_0.jpg,5299557_1.jpg,3017986_0.jpg,3779080_0.jpg,598876_1.jpg,5430819_1.jpg,5057350_2.jpg,3518216_2.jpg,5299557_0.jpg
278,38_0.jpg,40_0.jpg,122_0.jpg,122_1.jpg,25_1.jpg,42_1.jpg,122_2.jpg,74_0.jpg,75_0.jpg,124_0.jpg
279,3929938_0.jpg,1679426_1.jpg,2283033_1.jpg,3929938_1.jpg,3154838_0.jpg,5692853_0.jpg,6652881_0.jpg,2848048_0.jpg,1111645_0.jpg,3592570_1.jpg
280,3929938_1.jpg,1679426_0.jpg,3929938_0.jpg,2283033_0.jpg,2565742_0.jpg,4063433_0.jpg,1576123_0.jpg,5794695_0.jpg,2614187_0.jpg,6143573_0.jpg
281,3945315_0.jpg,6505789_0.jpg,2721276_0.jpg,766234_0.jpg,2283033_1.jpg,1679426_1.jpg,1864536_0.jpg,698940_1.jpg,2503614_0.jpg,698940_0.jpg
282,3950161_0.jpg,1082183_0.jpg,395560_0.jpg,1456671_0.jpg,2755487_0.jpg,2539075_0.jpg,698940_0.jpg,698940_1.jpg,4412540_0.jpg,5101613_0.jpg
283,395560_0.jpg,1456671_0.jpg,1082183_0.jpg,3950161_0.jpg,6080959_2.jpg,6080959_0.jpg,2755487_0.jpg,6159559_0.jpg,2539075_0.jpg,698940_1.jpg
284,3996265_0.jpg,1076297_0.jpg,5669633_0.jpg,4768716_0.jpg,2853133_0.jpg,4418633_0.jpg,4024812_0.jpg,6359436_1.jpg,6460827_0.jpg,5755533_0.jpg
285,3996629_0.jpg,5240612_0.jpg,3391830_3.jpg,4530827_0.jpg,22_0.jpg,1579564_0.jpg,3825793_0.jpg,95_0.jpg,6652881_0.jpg,5076193_0.jpg
286,39_0.jpg,39_1.jpg,101_0.jpg,62_1.jpg,22_0.jpg,664385_1.jpg,1456671_0.jpg,238697_1.jpg,35231_1.jpg,6266970_0.jpg
287,39_1.jpg,39_0.jpg,62_1.jpg,101_0.jpg,22_0.jpg,664385_1.jpg,1456671_0.jpg,238697_1.jpg,35231_1.jpg,6266970_0.jpg
288,3_0.jpg,3894379_2.jpg,8_0.jpg,2348333_0.jpg,26_0.jpg,80_0.jpg,5605151_0.jpg,3391830_3.jpg,5_0.jpg,3996629_0.jpg
289,4022765_0.jpg,1473075_0.jpg,5451882_0.jpg,5494334_0.jpg,4022765_1.jpg,4411723_0.jpg,1473075_1.jpg,17126_3.jpg,5451882_1.jpg,6532298_0.jpg
290,4022765_1.jpg,1473075_1.jpg,17126_3.jpg,4022765_0.jpg,3588850_0.jpg,5451882_1.jpg,5494334_1.jpg,6532298_2.jpg,6532298_1.jpg,6532298_0.jpg
291,4024812_0.jpg,5755533_1.jpg,3779080_0.jpg,5057350_2.jpg,3518216_2.jpg,598876_1.jpg,5430819_1.jpg,4418633_0.jpg,2853133_0.jpg,5755533_0.jpg
292,402546_0.jpg,5399576_0.jpg,1417301_1.jpg,5326936_3.jpg,4905153_3.jpg,506662_3.jpg,4386407_2.jpg,2857595_0.jpg,106_0.jpg,3080655_0.jpg
293,4037153_0.jpg,3017986_0.jpg,3017986_1.jpg,108_0.jpg,5299557_0.jpg,5430819_2.jpg,598876_2.jpg,5057350_1.jpg,3779080_1.jpg,3518216_1.jpg
294,4053068_0.jpg,6359436_2.jpg,5755533_1.jpg,3766409_2.jpg,6357292_2.jpg,948745_2.jpg,5805839_2.jpg,417077_2.jpg,5299557_2.jpg,6460827_0.jpg
295,1576123_0.jpg,4063433_0.jpg,2565742_0.jpg,5794695_0.jpg,4063433_1.jpg,1576123_1.jpg,3929938_1.jpg,1707110_0.jpg,2614187_0.jpg,1679426_0.jpg
296,1576123_1.jpg,4063433_1.jpg,3323925_0.jpg,2565742_1.jpg,5794695_1.jpg,3592570_1.jpg,6621993_1.jpg,1707110_1.jpg,5076193_0.jpg,5531218_0.jpg
297,4063433_2.jpg,1576123_2.jpg,3323925_1.jpg,2565742_2.jpg,1707110_2.jpg,5794695_2.jpg,5939231_2.jpg,1707110_1.jpg,3001626_0.jpg,263977_2.jpg
298,40_0.jpg,25_1.jpg,38_0.jpg,122_1.jpg,69_0.jpg,122_0.jpg,122_2.jpg,34_0.jpg,88_0.jpg,5276268_0.jpg
299,4146518_0.jpg,4146518_2.jpg,4146518_1.jpg,2393473_0.jpg,1926078_0.jpg,3080655_0.jpg,5651469_1.jpg,5651469_0.jpg,6416356_0.jpg,1417301_1.jpg
300,4146518_0.jpg,4146518_2.jpg,4146518_1.jpg,2393473_0.jpg,1926078_0.jpg,3080655_0.jpg,5651469_1.jpg,5651469_0.jpg,6416356_0.jpg,1417301_1.jpg
301,4146518_0.jpg,4146518_2.jpg,4146518_1.jpg,2393473_0.jpg,1926078_0.jpg,3080655_0.jpg,5651469_1.jpg,5651469_0.jpg,6416356_0.jpg,1417301_1.jpg
302,417077_0.jpg,948745_0.jpg,6357292_0.jpg,3766409_0.jpg,5805839_0.jpg,598876_2.jpg,5430819_2.jpg,5057350_1.jpg,3518216_1.jpg,3779080_1.jpg
303,948745_1.jpg,6357292_1.jpg,417077_1.jpg,3766409_1.jpg,5805839_1.jpg,5057350_0.jpg,3518216_0.jpg,598876_0.jpg,5430819_0.jpg,3779080_2.jpg
304,948745_2.jpg,417077_2.jpg,6357292_2.jpg,5805839_2.jpg,3766409_2.jpg,5057350_2.jpg,3779080_0.jpg,598876_1.jpg,5430819_1.jpg,3518216_2.jpg
305,41_0.jpg,60_0.jpg,102_0.jpg,77_0.jpg,47_0.jpg,63_0.jpg,75_0.jpg,16_0.jpg,89_0.jpg,124_0.jpg
306,4207789_0.jpg,5897501_0.jpg,3588850_0.jpg,4411723_1.jpg,4022765_1.jpg,5451882_1.jpg,2775357_1.jpg,2775357_0.jpg,2775357_2.jpg,2775357_3.jpg
307,4207944_0.jpg,6007737_0.jpg,6438372_0.jpg,6438372_1.jpg,698940_1.jpg,3560786_0.jpg,17_0.jpg,3945315_0.jpg,3785080_0.jpg,4391117_0.jpg
308,3728824_0.jpg,1416105_0.jpg,4209522_0.jpg,3007801_0.jpg,1926144_0.jpg,5755533_1.jpg,3779080_2.jpg,3518216_0.jpg,5057350_0.jpg,5430819_0.jpg
309,4221663_0.jpg,3243359_0.jpg,4386407_0.jpg,4905153_0.jpg,5326936_0.jpg,506662_0.jpg,4905153_1.jpg,4386407_1.jpg,4221663_3.jpg,506662_1.jpg
310,5326936_1.jpg,3243359_2.jpg,506662_2.jpg,4905153_2.jpg,4386407_3.jpg,4221663_1.jpg,6621993_0.jpg,3592570_0.jpg,5962041_0.jpg,3592570_1.jpg
311,4221663_2.jpg,3243359_1.jpg,5326936_2.jpg,4905153_1.jpg,2539075_0.jpg,95_0.jpg,5456115_3.jpg,2271854_1.jpg,4386407_1.jpg,3174536_1.jpg
312,4221663_3.jpg,4905153_1.jpg,506662_1.jpg,3243359_3.jpg,2539075_0.jpg,4221663_2.jpg,4221663_0.jpg,4905153_0.jpg,3243359_0.jpg,2719924_0.jpg
313,4285581_0.jpg,5749819_0.jpg,917099_0.jpg,2008369_1.jpg,2539075_0.jpg,3123386_0.jpg,5165978_0.jpg,2503614_0.jpg,3174536_1.jpg,1170894_0.jpg
314,42_0.jpg,26_1.jpg,5531218_0.jpg,3592570_1.jpg,5451882_0.jpg,12_0.jpg,15_0.jpg,5048970_1.jpg,5237851_0.jpg,80_0.jpg
315,42_1.jpg,8_0.jpg,69_0.jpg,38_0.jpg,91_0.jpg,122_1.jpg,4146518_2.jpg,4146518_0.jpg,4146518_1.jpg,4037153_0.jpg
316,436356_0.jpg,5583834_0.jpg,5571423_0.jpg,958266_0.jpg,1238122_1.jpg,684408_1.jpg,1527720_2.jpg,3061333_2.jpg,1527720_1.jpg,2261625_0.jpg
317,4386407_0.jpg,4905153_0.jpg,5326936_0.jpg,4221663_0.jpg,3243359_0.jpg,506662_0.jpg,4386407_1.jpg,4905153_1.jpg,2271854_1.jpg,4221663_3.jpg
318,4386407_1.jpg,64_1.jpg,5326936_0.jpg,80_0.jpg,4386407_0.jpg,4905153_0.jpg,5605151_0.jpg,5326936_2.jpg,104_0.jpg,506662_0.jpg
319,4905153_3.jpg,5326936_3.jpg,506662_3.jpg,4386407_2.jpg,1417301_1.jpg,3080655_0.jpg,1527720_0.jpg,5651469_0.jpg,5651469_1.jpg,1926078_0.jpg
320,5326936_1.jpg,3243359_2.jpg,506662_2.jpg,4905153_2.jpg,4386407_3.jpg,4221663_1.jpg,6621993_0.jpg,3592570_0.jpg,5962041_0.jpg,3592570_1.jpg
321,4391117_0.jpg,4636037_0.jpg,4412540_0.jpg,5101613_0.jpg,2755487_0.jpg,2503614_0.jpg,698940_1.jpg,698940_0.jpg,1082183_0.jpg,2539075_0.jpg
322,4397251_0.jpg,4397251_1.jpg,5794695_0.jpg,26_3.jpg,2292197_0.jpg,2292197_2.jpg,6112991_0.jpg,3894379_1.jpg,2795694_0.jpg,3894379_0.jpg
323,4397251_0.jpg,4397251_1.jpg,5794695_0.jpg,26_3.jpg,2292197_0.jpg,2292197_2.jpg,6112991_0.jpg,3894379_1.jpg,2795694_0.jpg,3894379_0.jpg
324,114_0.jpg,43_0.jpg,43_1.jpg,114_1.jpg,664385_2.jpg,1478575_0.jpg,238697_2.jpg,22_0.jpg,958266_0.jpg,58_0.jpg
325,43_1.jpg,114_1.jpg,43_0.jpg,114_0.jpg,125_1.jpg,2286552_2.jpg,2286552_0.jpg,2286552_3.jpg,2286552_1.jpg,1478575_0.jpg
326,43_2.jpg,114_2.jpg,106_0.jpg,22_0.jpg,821201_0.jpg,5219922_3.jpg,101_0.jpg,43_0.jpg,114_0.jpg,114_1.jpg
327,4411723_0.jpg,1473075_0.jpg,5451882_0.jpg,4022765_0.jpg,5494334_0.jpg,4411723_1.jpg,1679426_0.jpg,2283033_0.jpg,3588850_0.jpg,1473075_1.jpg
328,4411723_1.jpg,3588850_0.jpg,1473075_1.jpg,17126_3.jpg,5451882_1.jpg,5494334_1.jpg,6532298_3.jpg,6532298_2.jpg,6532298_1.jpg,6532298_0.jpg
329,4412540_0.jpg,4391117_0.jpg,4636037_0.jpg,2755487_0.jpg,5101613_0.jpg,2503614_0.jpg,698940_0.jpg,698940_1.jpg,1082183_0.jpg,3950161_0.jpg
330,2853133_0.jpg,4418633_0.jpg,5669633_0.jpg,3996265_0.jpg,1076297_0.jpg,4768716_0.jpg,6460827_0.jpg,5755533_0.jpg,4024812_0.jpg,1613848_0.jpg
331,4489130_0.jpg,217204_0.jpg,2539075_0.jpg,2008369_1.jpg,868312_0.jpg,3315255_2.jpg,3315255_1.jpg,3315255_0.jpg,3315255_3.jpg,4719256_1.jpg
332,44_0.jpg,47_0.jpg,60_0.jpg,41_0.jpg,102_0.jpg,34_0.jpg,31_0.jpg,75_0.jpg,124_0.jpg,79_0.jpg
333,451241_0.jpg,3432903_0.jpg,1478575_0.jpg,122_3.jpg,4985872_0.jpg,2719924_0.jpg,451241_1.jpg,1360443_0.jpg,3007801_1.jpg,1926144_1.jpg
334,451241_1.jpg,3432903_1.jpg,3432903_0.jpg,451241_0.jpg,2719924_0.jpg,2445924_0.jpg,1478575_0.jpg,13_1.jpg,4985872_0.jpg,261890_1.jpg
335,3432903_2.jpg,451241_2.jpg,2641262_1.jpg,6159559_1.jpg,26_0.jpg,3315255_3.jpg,3315255_2.jpg,3315255_0.jpg,3315255_1.jpg,3391830_2.jpg
336,4530827_0.jpg,2601997_0.jpg,2795694_0.jpg,766234_0.jpg,2283033_1.jpg,6147917_0.jpg,5692853_0.jpg,1679426_1.jpg,238420_0.jpg,3945315_0.jpg
337,45_0.jpg,57_1.jpg,57_0.jpg,57_2.jpg,13_2.jpg,1707110_1.jpg,120_3.jpg,1707110_0.jpg,5939231_1.jpg,1527720_1.jpg
338,4636037_0.jpg,4391117_0.jpg,4412540_0.jpg,5101613_0.jpg,2755487_0.jpg,2503614_0.jpg,698940_1.jpg,698940_0.jpg,1082183_0.jpg,6007737_0.jpg
339,46_0.jpg,1926078_0.jpg,417077_0.jpg,948745_0.jpg,6357292_0.jpg,5805839_0.jpg,3766409_0.jpg,5057350_1.jpg,3779080_1.jpg,3518216_1.jpg
340,4719256_0.jpg,619948_0.jpg,6159559_0.jpg,2286552_3.jpg,2286552_0.jpg,2286552_2.jpg,2286552_1.jpg,3174536_0.jpg,4719256_1.jpg,3894379_1.jpg
341,4719256_1.jpg,6159559_1.jpg,6048512_0.jpg,619948_1.jpg,3174536_1.jpg,739325_1.jpg,6080959_3.jpg,6080959_1.jpg,1625168_1.jpg,2797132_0.jpg
342,4768716_0.jpg,3996265_0.jpg,5669633_0.jpg,1076297_0.jpg,2853133_0.jpg,4418633_0.jpg,5533514_0.jpg,4024812_0.jpg,6460827_0.jpg,5755533_0.jpg
343,47_0.jpg,89_0.jpg,79_0.jpg,124_0.jpg,41_0.jpg,44_0.jpg,102_0.jpg,31_0.jpg,77_0.jpg,16_0.jpg
344,48_0.jpg,88_0.jpg,83_0.jpg,5_0.jpg,121_0.jpg,20_0.jpg,56_0.jpg,80_0.jpg,1_0.jpg,55_0.jpg
345,4905153_0.jpg,4386407_0.jpg,5326936_0.jpg,4221663_0.jpg,3243359_0.jpg,4905153_1.jpg,506662_0.jpg,4386407_1.jpg,2271854_1.jpg,1527720_0.jpg
346,4905153_1.jpg,506662_1.jpg,4221663_3.jpg,3243359_3.jpg,4905153_0.jpg,4221663_2.jpg,4221663_0.jpg,3243359_0.jpg,1527720_0.jpg,5326936_0.jpg
347,5326936_1.jpg,3243359_2.jpg,506662_2.jpg,4905153_2.jpg,4386407_3.jpg,4221663_1.jpg,6621993_0.jpg,3592570_0.jpg,5962041_0.jpg,3592570_1.jpg
348,4905153_3.jpg,5326936_3.jpg,506662_3.jpg,4386407_2.jpg,1417301_1.jpg,3080655_0.jpg,1527720_0.jpg,5651469_0.jpg,5651469_1.jpg,1926078_0.jpg
349,4936800_2.jpg,4936800_0.jpg,6581096_0.jpg,263977_0.jpg,2771913_0.jpg,395560_0.jpg,1082183_0.jpg,263977_2.jpg,1625168_0.jpg,1613848_0.jpg
350,4936800_3.jpg,4936800_1.jpg,6581096_1.jpg,2775357_2.jpg,2775357_3.jpg,2775357_1.jpg,2775357_0.jpg,5641105_3.jpg,5641105_2.jpg,5641105_1.jpg
351,4936800_2.jpg,4936800_0.jpg,6581096_0.jpg,263977_0.jpg,2771913_0.jpg,395560_0.jpg,1082183_0.jpg,263977_2.jpg,1625168_0.jpg,1613848_0.jpg
352,4936800_3.jpg,4936800_1.jpg,6581096_1.jpg,2775357_2.jpg,2775357_3.jpg,2775357_1.jpg,2775357_0.jpg,5641105_3.jpg,5641105_2.jpg,5641105_1.jpg
353,4985872_0.jpg,2719924_0.jpg,1926144_1.jpg,3007801_1.jpg,1360443_0.jpg,451241_0.jpg,194493_1.jpg,6359436_1.jpg,2614187_2.jpg,3432903_0.jpg
354,4_0.jpg,69_0.jpg,40_0.jpg,1794510_0.jpg,122_2.jpg,33_1.jpg,33_0.jpg,13_0.jpg,122_0.jpg,4905153_3.jpg
355,5023985_0.jpg,5630226_2.jpg,1238122_1.jpg,684408_1.jpg,2780180_1.jpg,2261625_0.jpg,2780180_2.jpg,5456115_1.jpg,2524410_1.jpg,5023985_2.jpg
356,5023985_1.jpg,684408_1.jpg,6266112_0.jpg,2445924_0.jpg,5897501_0.jpg,3154838_0.jpg,3929938_1.jpg,3929938_0.jpg,28_0.jpg,3_0.jpg
357,5023985_2.jpg,1794510_0.jpg,5326936_0.jpg,2780180_1.jpg,5879123_0.jpg,5023985_0.jpg,5630226_2.jpg,5456115_0.jpg,1088984_0.jpg,3243359_0.jpg
358,5048970_0.jpg,5048970_1.jpg,2539075_0.jpg,3761227_1.jpg,1211240_1.jpg,2728604_0.jpg,3169236_0.jpg,2755487_0.jpg,3169236_1.jpg,510802_0.jpg
359,5048970_1.jpg,3761227_1.jpg,1211240_1.jpg,2641262_1.jpg,2539075_0.jpg,1456671_0.jpg,3315255_0.jpg,3315255_2.jpg,3315255_1.jpg,3315255_3.jpg
360,598876_0.jpg,5057350_0.jpg,5430819_0.jpg,3779080_2.jpg,3518216_0.jpg,3766409_1.jpg,5805839_1.jpg,5299557_1.jpg,6357292_1.jpg,417077_1.jpg
361,5057350_1.jpg,3779080_1.jpg,3518216_1.jpg,5430819_2.jpg,598876_2.jpg,5805839_0.jpg,3766409_0.jpg,417077_0.jpg,948745_0.jpg,6357292_0.jpg
362,5430819_1.jpg,598876_1.jpg,3518216_2.jpg,3779080_0.jpg,5057350_2.jpg,5299557_2.jpg,417077_2.jpg,6357292_2.jpg,3766409_2.jpg,5805839_2.jpg
363,506662_0.jpg,4221663_0.jpg,4386407_0.jpg,5326936_0.jpg,4905153_0.jpg,3243359_0.jpg,4386407_1.jpg,74_0.jpg,25_1.jpg,5456115_1.jpg
364,506662_1.jpg,4905153_1.jpg,3243359_3.jpg,4221663_3.jpg,451241_0.jpg,2539075_0.jpg,4905153_0.jpg,4221663_0.jpg,3432903_0.jpg,4221663_2.jpg
365,5326936_1.jpg,3243359_2.jpg,506662_2.jpg,4905153_2.jpg,4386407_3.jpg,4221663_1.jpg,6621993_0.jpg,3592570_0.jpg,5962041_0.jpg,3592570_1.jpg
366,4905153_3.jpg,5326936_3.jpg,506662_3.jpg,4386407_2.jpg,1417301_1.jpg,3080655_0.jpg,1527720_0.jpg,5651469_0.jpg,5651469_1.jpg,1926078_0.jpg
367,5076193_0.jpg,3592570_1.jpg,1579564_0.jpg,5962041_0.jpg,6621993_1.jpg,5531218_0.jpg,1576123_1.jpg,4063433_1.jpg,1422091_0.jpg,5794695_1.jpg
368,50_0.jpg,73_1.jpg,73_3.jpg,73_0.jpg,39_1.jpg,39_0.jpg,13_3.jpg,76_1.jpg,73_2.jpg,5586792_0.jpg
369,5101613_0.jpg,4391117_0.jpg,4412540_0.jpg,4636037_0.jpg,2755487_0.jpg,2503614_0.jpg,698940_1.jpg,698940_0.jpg,3950161_0.jpg,1082183_0.jpg
370,510802_0.jpg,917099_0.jpg,2249413_0.jpg,2527501_0.jpg,6147917_0.jpg,1864536_0.jpg,6143573_1.jpg,698940_1.jpg,698940_0.jpg,6505789_0.jpg
371,3235516_0.jpg,5127422_0.jpg,6700634_0.jpg,5276268_0.jpg,5299557_1.jpg,5755533_1.jpg,3017986_0.jpg,3518216_0.jpg,5430819_0.jpg,5057350_0.jpg
372,5165978_0.jpg,2797132_0.jpg,2797132_1.jpg,3174536_1.jpg,1170894_0.jpg,6080959_2.jpg,6080959_0.jpg,6080959_3.jpg,6080959_1.jpg,2008369_1.jpg
373,51_0.jpg,66_0.jpg,30_0.jpg,11_0.jpg,98_0.jpg,74_0.jpg,34_0.jpg,61_0.jpg,122_0.jpg,8_0.jpg
374,5219922_0.jpg,130374_3.jpg,5219922_2.jpg,130374_2.jpg,5456115_2.jpg,5326936_2.jpg,25_0.jpg,25_2.jpg,5219922_3.jpg,6298920_0.jpg
375,5219922_1.jpg,5326936_2.jpg,5219922_0.jpg,5219922_2.jpg,1456671_0.jpg,130374_3.jpg,95_0.jpg,4221663_2.jpg,25_0.jpg,5219922_3.jpg
376,5219922_2.jpg,130374_3.jpg,5219922_0.jpg,25_0.jpg,25_2.jpg,6159559_0.jpg,619948_0.jpg,5456115_2.jpg,3548744_0.jpg,5326936_2.jpg
377,5219922_3.jpg,5326936_2.jpg,4386407_1.jpg,5219922_0.jpg,4221663_2.jpg,114_2.jpg,43_2.jpg,5219922_1.jpg,101_0.jpg,238697_1.jpg
378,5237851_0.jpg,5962041_0.jpg,1422091_0.jpg,3592570_1.jpg,5531218_0.jpg,6621993_1.jpg,6621993_0.jpg,5076193_0.jpg,1579564_0.jpg,1576123_1.jpg
379,5240612_0.jpg,3996629_0.jpg,22_0.jpg,821201_0.jpg,5755533_2.jpg,26_3.jpg,5277036_0.jpg,6359436_0.jpg,5299557_1.jpg,6357292_1.jpg
380,5276268_0.jpg,6700634_0.jpg,5277036_0.jpg,3235516_0.jpg,5127422_0.jpg,2253833_2.jpg,5299557_1.jpg,69_0.jpg,3017986_0.jpg,122_2.jpg
381,5277036_0.jpg,6700634_0.jpg,5755533_2.jpg,5299557_1.jpg,5276268_0.jpg,6359436_2.jpg,5755533_1.jpg,948745_1.jpg,6357292_1.jpg,417077_1.jpg
382,5299557_0.jpg,3779080_1.jpg,5057350_1.jpg,3518216_1.jpg,5430819_2.jpg,598876_2.jpg,3766409_0.jpg,5805839_0.jpg,417077_0.jpg,6357292_0.jpg
383,5299557_1.jpg,3518216_0.jpg,3779080_2.jpg,5430819_0.jpg,5057350_0.jpg,598876_0.jpg,5805839_1.jpg,3766409_1.jpg,6357292_1.jpg,417077_1.jpg
384,5299557_2.jpg,3518216_2.jpg,3779080_0.jpg,598876_1.jpg,5430819_1.jpg,5057350_2.jpg,6357292_2.jpg,5805839_2.jpg,417077_2.jpg,3766409_2.jpg
385,52_0.jpg,124_0.jpg,31_0.jpg,47_0.jpg,16_0.jpg,11_0.jpg,77_0.jpg,79_0.jpg,63_0.jpg,44_0.jpg
386,5305904_0.jpg,1306638_1.jpg,1306638_0.jpg,5023985_0.jpg,1238122_0.jpg,2780180_2.jpg,5630226_2.jpg,2219063_0.jpg,5571423_0.jpg,2780180_3.jpg
387,5326936_0.jpg,4905153_0.jpg,4386407_0.jpg,4221663_0.jpg,3243359_0.jpg,506662_0.jpg,4386407_1.jpg,64_1.jpg,4905153_1.jpg,506662_3.jpg
388,5326936_1.jpg,3243359_2.jpg,506662_2.jpg,4905153_2.jpg,4386407_3.jpg,4221663_1.jpg,6621993_0.jpg,3592570_0.jpg,5962041_0.jpg,3592570_1.jpg
389,5326936_2.jpg,3243359_1.jpg,4221663_2.jpg,5456115_3.jpg,238697_1.jpg,4386407_1.jpg,5219922_3.jpg,3061333_2.jpg,95_0.jpg,5219922_0.jpg
390,4905153_3.jpg,5326936_3.jpg,506662_3.jpg,4386407_2.jpg,1417301_1.jpg,3080655_0.jpg,1527720_0.jpg,5651469_0.jpg,5651469_1.jpg,1926078_0.jpg
391,5399576_0.jpg,402546_0.jpg,1417301_1.jpg,1926078_0.jpg,2271854_1.jpg,5326936_3.jpg,4386407_2.jpg,506662_3.jpg,4905153_3.jpg,4146518_1.jpg
392,53_0.jpg,48_0.jpg,5_0.jpg,5023985_1.jpg,28_0.jpg,1417301_0.jpg,0_0.jpg,46_0.jpg,3391830_0.jpg,5583834_0.jpg
393,598876_0.jpg,5057350_0.jpg,5430819_0.jpg,3779080_2.jpg,3518216_0.jpg,3766409_1.jpg,5805839_1.jpg,5299557_1.jpg,6357292_1.jpg,417077_1.jpg
394,5430819_1.jpg,598876_1.jpg,3518216_2.jpg,3779080_0.jpg,5057350_2.jpg,5299557_2.jpg,417077_2.jpg,6357292_2.jpg,3766409_2.jpg,5805839_2.jpg
395,598876_2.jpg,5430819_2.jpg,3518216_1.jpg,3779080_1.jpg,5057350_1.jpg,5805839_0.jpg,3766409_0.jpg,417077_0.jpg,948745_0.jpg,6357292_0.jpg
396,5451882_0.jpg,5494334_0.jpg,5451882_1.jpg,1473075_0.jpg,4022765_0.jpg,6532298_1.jpg,6532298_3.jpg,6532298_2.jpg,6532298_0.jpg,4411723_0.jpg
397,5451882_1.jpg,6532298_1.jpg,6532298_3.jpg,6532298_0.jpg,6532298_2.jpg,5494334_1.jpg,5451882_0.jpg,1473075_1.jpg,17126_3.jpg,3820267_0.jpg
398,5456115_0.jpg,25_0.jpg,2503614_0.jpg,2249413_0.jpg,15_0.jpg,917099_0.jpg,2728604_0.jpg,5326936_0.jpg,2641262_0.jpg,1864536_0.jpg
399,5456115_1.jpg,5326936_0.jpg,3243359_0.jpg,4905153_0.jpg,3432903_2.jpg,451241_2.jpg,5023985_0.jpg,74_0.jpg,506662_0.jpg,4221663_0.jpg
400,5456115_2.jpg,5456115_3.jpg,3809087_0.jpg,6019869_0.jpg,6416356_0.jpg,1088984_0.jpg,948745_1.jpg,6357292_1.jpg,417077_1.jpg,80_0.jpg
401,5456115_3.jpg,6416356_0.jpg,3809087_0.jpg,6019869_0.jpg,5456115_2.jpg,1926078_0.jpg,5326936_2.jpg,948745_1.jpg,417077_1.jpg,6357292_1.jpg
402,5494334_0.jpg,5451882_0.jpg,4022765_0.jpg,5494334_1.jpg,1473075_0.jpg,5451882_1.jpg,4411723_0.jpg,6532298_2.jpg,6532298_1.jpg,6532298_0.jpg
403,5494334_1.jpg,5451882_1.jpg,6532298_0.jpg,6532298_1.jpg,6532298_3.jpg,6532298_2.jpg,5494334_0.jpg,4022765_1.jpg,3820267_0.jpg,17126_3.jpg
404,54_0.jpg,1625168_0.jpg,2795694_0.jpg,2601997_0.jpg,664385_0.jpg,2771913_0.jpg,1456671_0.jpg,1613848_0.jpg,2249413_0.jpg,6080959_2.jpg
405,5531218_0.jpg,3592570_1.jpg,5962041_0.jpg,6621993_1.jpg,5237851_0.jpg,5076193_0.jpg,1422091_0.jpg,5692853_0.jpg,1576123_1.jpg,4063433_1.jpg
406,553331_0.jpg,3240637_1.jpg,2539075_0.jpg,698940_0.jpg,3240637_0.jpg,3315255_0.jpg,3315255_2.jpg,3315255_1.jpg,3315255_3.jpg,5749819_0.jpg
407,5533514_0.jpg,4768716_0.jpg,1613848_0.jpg,417077_0.jpg,598876_2.jpg,5430819_2.jpg,3779080_1.jpg,5057350_1.jpg,3518216_1.jpg,917036_0.jpg
408,5571423_0.jpg,2261625_0.jpg,436356_0.jpg,5583834_0.jpg,1238122_1.jpg,684408_2.jpg,2219063_3.jpg,684408_1.jpg,958266_0.jpg,130374_0.jpg
409,5583834_0.jpg,436356_0.jpg,2524410_1.jpg,5571423_0.jpg,261890_0.jpg,1238122_1.jpg,684408_1.jpg,684408_2.jpg,261890_1.jpg,958266_0.jpg
410,5586792_0.jpg,1478575_0.jpg,6_0.jpg,46_0.jpg,1360443_0.jpg,43_1.jpg,114_1.jpg,674194_1.jpg,2219063_0.jpg,43_0.jpg
411,55_0.jpg,121_0.jpg,56_0.jpg,88_0.jpg,0_0.jpg,80_0.jpg,1_0.jpg,5_0.jpg,104_0.jpg,90_0.jpg
412,5605151_0.jpg,104_0.jpg,122_2.jpg,4386407_1.jpg,5276268_0.jpg,4530827_0.jpg,80_0.jpg,1420572_0.jpg,1679426_1.jpg,2283033_1.jpg
413,5630226_0.jpg,684408_0.jpg,2450505_0.jpg,261890_0.jpg,261890_1.jpg,684408_1.jpg,684408_2.jpg,71_0.jpg,958266_0.jpg,5630226_2.jpg
414,5630226_1.jpg,64_2.jpg,1692871_0.jpg,1527720_1.jpg,25_3.jpg,1370619_0.jpg,43_1.jpg,114_1.jpg,4719256_0.jpg,2070927_0.jpg
415,5630226_2.jpg,261890_0.jpg,684408_2.jpg,261890_1.jpg,5023985_0.jpg,2524410_1.jpg,684408_1.jpg,5630226_0.jpg,2780180_2.jpg,111_0.jpg
416,5641105_0.jpg,5641105_2.jpg,5641105_3.jpg,5641105_1.jpg,4022765_1.jpg,2775357_3.jpg,2775357_2.jpg,2775357_1.jpg,2775357_0.jpg,17126_3.jpg
417,5641105_0.jpg,5641105_2.jpg,5641105_3.jpg,5641105_1.jpg,4022765_1.jpg,2775357_3.jpg,2775357_2.jpg,2775357_1.jpg,2775357_0.jpg,17126_3.jpg
418,5641105_0.jpg,5641105_2.jpg,5641105_3.jpg,5641105_1.jpg,4022765_1.jpg,2775357_3.jpg,2775357_2.jpg,2775357_1.jpg,2775357_0.jpg,17126_3.jpg
419,5641105_0.jpg,5641105_2.jpg,5641105_3.jpg,5641105_1.jpg,4022765_1.jpg,2775357_3.jpg,2775357_2.jpg,2775357_1.jpg,2775357_0.jpg,17126_3.jpg
420,5651469_0.jpg,5651469_1.jpg,3080655_0.jpg,2393473_0.jpg,1926078_0.jpg,4146518_0.jpg,4146518_2.jpg,4146518_1.jpg,5326936_3.jpg,506662_3.jpg
421,5651469_1.jpg,5651469_0.jpg,3080655_0.jpg,2393473_0.jpg,4146518_2.jpg,4146518_0.jpg,4146518_1.jpg,1926078_0.jpg,5326936_3.jpg,506662_3.jpg
422,3996265_0.jpg,1076297_0.jpg,5669633_0.jpg,4768716_0.jpg,2853133_0.jpg,4418633_0.jpg,4024812_0.jpg,6359436_1.jpg,6460827_0.jpg,5755533_0.jpg
423,567729_0.jpg,3007801_0.jpg,1926144_0.jpg,1416105_0.jpg,3728824_0.jpg,4209522_0.jpg,5755533_1.jpg,5057350_0.jpg,3779080_2.jpg,5430819_0.jpg
424,5692853_0.jpg,6652881_0.jpg,2728604_0.jpg,3592570_1.jpg,2249413_0.jpg,2283033_1.jpg,1679426_1.jpg,5531218_0.jpg,6143573_1.jpg,2565742_1.jpg
425,56_0.jpg,1_0.jpg,88_0.jpg,0_0.jpg,55_0.jpg,90_0.jpg,83_0.jpg,121_0.jpg,20_0.jpg,48_0.jpg
426,5749819_0.jpg,2539075_0.jpg,3548744_0.jpg,4285581_0.jpg,2641262_0.jpg,698940_0.jpg,917099_0.jpg,2503614_0.jpg,2755487_0.jpg,3123386_0.jpg
427,6460827_0.jpg,5755533_0.jpg,5755533_1.jpg,3518216_0.jpg,598876_0.jpg,5430819_0.jpg,5057350_0.jpg,3779080_2.jpg,5057350_2.jpg,5430819_1.jpg
428,5755533_1.jpg,5057350_2.jpg,5430819_1.jpg,598876_1.jpg,3779080_0.jpg,3518216_2.jpg,5755533_2.jpg,3779080_2.jpg,3518216_0.jpg,5430819_0.jpg
429,5755533_2.jpg,6357292_1.jpg,417077_1.jpg,948745_1.jpg,5430819_0.jpg,3779080_2.jpg,598876_0.jpg,5057350_0.jpg,3518216_0.jpg,5299557_1.jpg
430,5765859_0.jpg,5765859_1.jpg,5533514_0.jpg,62_1.jpg,1613848_0.jpg,4768716_0.jpg,1418639_0.jpg,6143573_0.jpg,4719256_0.jpg,3169236_0.jpg
431,5765859_1.jpg,5765859_0.jpg,263977_2.jpg,238697_1.jpg,619948_0.jpg,664385_1.jpg,5326936_2.jpg,6159559_0.jpg,5305904_0.jpg,6048512_0.jpg
432,5794695_0.jpg,2565742_0.jpg,1576123_0.jpg,4063433_0.jpg,5794695_1.jpg,3323925_0.jpg,6143573_0.jpg,1576123_1.jpg,4063433_1.jpg,2565742_1.jpg
433,5794695_1.jpg,3323925_0.jpg,2565742_1.jpg,1576123_1.jpg,4063433_1.jpg,5794695_0.jpg,6621993_1.jpg,5076193_0.jpg,5692853_0.jpg,3825793_0.jpg
434,5794695_2.jpg,3323925_1.jpg,4063433_2.jpg,1576123_2.jpg,2565742_2.jpg,1707110_2.jpg,5939231_2.jpg,1707110_1.jpg,238697_2.jpg,230100_0.jpg
435,57_0.jpg,57_1.jpg,57_2.jpg,13_2.jpg,45_0.jpg,6_0.jpg,13_1.jpg,13_3.jpg,125_0.jpg,26_2.jpg
436,57_1.jpg,57_0.jpg,57_2.jpg,13_2.jpg,45_0.jpg,6_0.jpg,13_1.jpg,13_3.jpg,26_2.jpg,125_0.jpg
437,57_2.jpg,57_1.jpg,57_0.jpg,13_2.jpg,45_0.jpg,6_0.jpg,13_1.jpg,125_0.jpg,35231_1.jpg,13_0.jpg
438,5805839_0.jpg,3766409_0.jpg,5430819_2.jpg,598876_2.jpg,5057350_1.jpg,3779080_1.jpg,3518216_1.jpg,417077_0.jpg,948745_0.jpg,6357292_0.jpg
439,3766409_1.jpg,5805839_1.jpg,948745_1.jpg,6357292_1.jpg,417077_1.jpg,5057350_0.jpg,3518216_0.jpg,598876_0.jpg,5430819_0.jpg,3779080_2.jpg
440,948745_2.jpg,417077_2.jpg,6357292_2.jpg,5805839_2.jpg,3766409_2.jpg,5057350_2.jpg,3779080_0.jpg,598876_1.jpg,5430819_1.jpg,3518216_2.jpg
441,5871960_0.jpg,1417301_1.jpg,2719924_0.jpg,5399576_0.jpg,2857595_0.jpg,194493_1.jpg,1527720_0.jpg,3080655_0.jpg,5879123_0.jpg,2445924_0.jpg
442,5879123_0.jpg,2780180_1.jpg,2857595_0.jpg,1527720_0.jpg,1926078_0.jpg,3080655_0.jpg,1527720_1.jpg,4146518_2.jpg,4146518_1.jpg,4146518_0.jpg
443,5880137_0.jpg,5939231_1.jpg,1707110_1.jpg,6203447_1.jpg,3761227_0.jpg,2565742_1.jpg,1576123_1.jpg,4063433_1.jpg,2614187_1.jpg,6143573_1.jpg
444,5880137_1.jpg,112_1.jpg,19_1.jpg,19_0.jpg,4530827_0.jpg,766234_0.jpg,95_0.jpg,6147917_0.jpg,238420_0.jpg,5692853_0.jpg
445,5880137_2.jpg,1418639_2.jpg,19_0.jpg,1211240_1.jpg,3761227_1.jpg,5048970_1.jpg,5880137_1.jpg,112_1.jpg,2641262_1.jpg,112_0.jpg
446,5897501_0.jpg,4411723_1.jpg,3588850_0.jpg,4207789_0.jpg,6581096_1.jpg,4411723_0.jpg,5451882_1.jpg,766234_0.jpg,6532298_3.jpg,6532298_2.jpg
447,58_0.jpg,1478575_0.jpg,114_0.jpg,43_0.jpg,22_0.jpg,674194_0.jpg,13_3.jpg,1527720_0.jpg,13_1.jpg,1926078_0.jpg
448,5939231_0.jpg,1707110_0.jpg,2614187_0.jpg,6203447_0.jpg,5939231_1.jpg,263977_0.jpg,3061333_0.jpg,2565742_0.jpg,1679426_0.jpg,2283033_0.jpg
449,5939231_1.jpg,1707110_1.jpg,5880137_0.jpg,6203447_1.jpg,2614187_1.jpg,2565742_1.jpg,1211240_0.jpg,1707110_0.jpg,5939231_0.jpg,6143573_1.jpg
450,5939231_2.jpg,1707110_2.jpg,2565742_2.jpg,1576123_2.jpg,4063433_2.jpg,3323925_1.jpg,5794695_2.jpg,1707110_1.jpg,5939231_1.jpg,5939231_0.jpg
451,5962041_0.jpg,3592570_1.jpg,5531218_0.jpg,5237851_0.jpg,5076193_0.jpg,6621993_1.jpg,1422091_0.jpg,3592570_0.jpg,6621993_0.jpg,4063433_1.jpg
452,598876_0.jpg,5057350_0.jpg,5430819_0.jpg,3779080_2.jpg,3518216_0.jpg,3766409_1.jpg,5805839_1.jpg,5299557_1.jpg,6357292_1.jpg,417077_1.jpg
453,5430819_1.jpg,598876_1.jpg,3518216_2.jpg,3779080_0.jpg,5057350_2.jpg,5299557_2.jpg,417077_2.jpg,6357292_2.jpg,3766409_2.jpg,5805839_2.jpg
454,598876_2.jpg,5430819_2.jpg,3518216_1.jpg,3779080_1.jpg,5057350_1.jpg,5805839_0.jpg,3766409_0.jpg,417077_0.jpg,948745_0.jpg,6357292_0.jpg
455,59_0.jpg,2261625_0.jpg,4386407_1.jpg,120_2.jpg,5630226_0.jpg,684408_0.jpg,4146518_2.jpg,4146518_1.jpg,4146518_0.jpg,2857595_0.jpg
456,5_0.jpg,88_0.jpg,118_0.jpg,48_0.jpg,55_0.jpg,0_0.jpg,56_0.jpg,121_0.jpg,28_0.jpg,8_0.jpg
457,6007737_0.jpg,917099_0.jpg,698940_1.jpg,698940_0.jpg,6505789_0.jpg,3154838_0.jpg,17_0.jpg,2503614_0.jpg,1111645_0.jpg,3945315_0.jpg
458,3809087_0.jpg,6019869_0.jpg,6416356_0.jpg,5456115_3.jpg,5456115_2.jpg,1926078_0.jpg,417077_1.jpg,948745_1.jpg,6357292_1.jpg,6359436_1.jpg
459,6048512_0.jpg,6159559_1.jpg,3174536_1.jpg,619948_1.jpg,739325_1.jpg,4719256_1.jpg,1625168_1.jpg,2771913_1.jpg,2797132_0.jpg,6080959_3.jpg
460,6080959_2.jpg,6080959_0.jpg,2292197_0.jpg,2292197_2.jpg,2797132_0.jpg,2771913_0.jpg,1625168_0.jpg,1456671_0.jpg,739325_0.jpg,395560_0.jpg
461,6080959_3.jpg,6080959_1.jpg,2797132_1.jpg,2797132_0.jpg,1170894_1.jpg,1170894_0.jpg,4719256_1.jpg,3174536_1.jpg,6159559_1.jpg,2292197_1.jpg
462,6080959_2.jpg,6080959_0.jpg,2292197_0.jpg,2292197_2.jpg,2797132_0.jpg,2771913_0.jpg,1625168_0.jpg,1456671_0.jpg,739325_0.jpg,395560_0.jpg
463,6080959_3.jpg,6080959_1.jpg,2797132_1.jpg,2797132_0.jpg,1170894_1.jpg,1170894_0.jpg,4719256_1.jpg,3174536_1.jpg,6159559_1.jpg,2292197_1.jpg
464,60_0.jpg,41_0.jpg,89_0.jpg,102_0.jpg,77_0.jpg,44_0.jpg,31_0.jpg,75_0.jpg,124_0.jpg,63_0.jpg
465,6112991_0.jpg,3945315_0.jpg,5794695_0.jpg,6505789_0.jpg,1456671_0.jpg,2755487_0.jpg,766234_0.jpg,2601997_0.jpg,4022765_0.jpg,1046233_0.jpg
466,6143573_0.jpg,6203447_0.jpg,2614187_0.jpg,6143573_1.jpg,5794695_0.jpg,263977_0.jpg,3061333_0.jpg,2565742_0.jpg,4063433_0.jpg,1576123_0.jpg
467,6143573_1.jpg,6203447_1.jpg,2249413_0.jpg,2614187_1.jpg,6652881_0.jpg,6147917_0.jpg,2527501_0.jpg,5692853_0.jpg,6143573_0.jpg,2565742_1.jpg
468,6147917_0.jpg,2527501_0.jpg,6652881_0.jpg,2249413_0.jpg,6143573_1.jpg,510802_0.jpg,2614187_1.jpg,2601997_0.jpg,2283033_1.jpg,698940_0.jpg
469,6159559_0.jpg,4719256_0.jpg,619948_0.jpg,2286552_0.jpg,2286552_2.jpg,2286552_3.jpg,2286552_1.jpg,3174536_0.jpg,3894379_1.jpg,1625168_1.jpg
470,6159559_1.jpg,6048512_0.jpg,619948_1.jpg,4719256_1.jpg,3174536_1.jpg,739325_1.jpg,1625168_1.jpg,6080959_1.jpg,6080959_3.jpg,2797132_0.jpg
471,619948_0.jpg,4719256_0.jpg,6159559_0.jpg,2286552_2.jpg,2286552_1.jpg,2286552_0.jpg,2286552_3.jpg,3174536_0.jpg,619948_1.jpg,1625168_1.jpg
472,619948_1.jpg,6159559_1.jpg,3174536_1.jpg,6048512_0.jpg,4719256_1.jpg,739325_1.jpg,1625168_1.jpg,1170894_1.jpg,3315255_3.jpg,3315255_1.jpg
473,61_0.jpg,34_0.jpg,77_0.jpg,89_0.jpg,31_0.jpg,11_0.jpg,41_0.jpg,102_0.jpg,75_0.jpg,124_0.jpg
474,6203447_0.jpg,2614187_0.jpg,6143573_0.jpg,1707110_0.jpg,5939231_0.jpg,2565742_0.jpg,6203447_1.jpg,263977_0.jpg,5794695_0.jpg,3061333_0.jpg
475,6203447_1.jpg,2614187_1.jpg,6143573_1.jpg,5939231_1.jpg,1707110_1.jpg,5880137_0.jpg,1211240_0.jpg,2249413_0.jpg,6203447_0.jpg,263977_1.jpg
476,6249716_0.jpg,35231_1.jpg,6266970_0.jpg,6159559_0.jpg,263977_2.jpg,3894379_1.jpg,35231_0.jpg,2797132_0.jpg,2286552_3.jpg,2286552_1.jpg
477,6266112_0.jpg,3785080_0.jpg,2249413_0.jpg,2728604_0.jpg,2283033_1.jpg,238420_0.jpg,1679426_1.jpg,2527501_0.jpg,5692853_0.jpg,1864536_0.jpg
478,6266970_0.jpg,35231_1.jpg,35231_0.jpg,6080959_2.jpg,6080959_0.jpg,3061333_2.jpg,4719256_0.jpg,2797132_0.jpg,6249716_0.jpg,2286552_2.jpg
479,6298920_0.jpg,2253833_1.jpg,6359436_1.jpg,1416105_0.jpg,4209522_0.jpg,3728824_0.jpg,3894379_2.jpg,5219922_0.jpg,5299557_1.jpg,6700634_0.jpg
480,6298920_1.jpg,6298920_0.jpg,5605151_0.jpg,3894379_0.jpg,0_0.jpg,37_0.jpg,56_0.jpg,230100_0.jpg,3001626_0.jpg,4386407_1.jpg
481,62_0.jpg,62_1.jpg,1613848_0.jpg,1360443_0.jpg,395560_0.jpg,5805839_1.jpg,3766409_1.jpg,567729_0.jpg,2286552_3.jpg,2286552_1.jpg
482,62_1.jpg,3017986_0.jpg,6080959_0.jpg,6080959_2.jpg,1456671_0.jpg,417077_1.jpg,948745_1.jpg,6357292_1.jpg,395560_0.jpg,62_0.jpg
483,948745_0.jpg,6357292_0.jpg,417077_0.jpg,3766409_0.jpg,5805839_0.jpg,598876_2.jpg,5430819_2.jpg,3518216_1.jpg,5057350_1.jpg,3779080_1.jpg
484,948745_1.jpg,6357292_1.jpg,417077_1.jpg,3766409_1.jpg,5805839_1.jpg,5057350_0.jpg,3518216_0.jpg,598876_0.jpg,5430819_0.jpg,3779080_2.jpg
485,948745_2.jpg,417077_2.jpg,6357292_2.jpg,5805839_2.jpg,3766409_2.jpg,5057350_2.jpg,3779080_0.jpg,598876_1.jpg,5430819_1.jpg,3518216_2.jpg
486,6359436_0.jpg,5299557_1.jpg,3766409_1.jpg,5805839_1.jpg,417077_1.jpg,948745_1.jpg,6357292_1.jpg,598876_0.jpg,5430819_0.jpg,3518216_0.jpg
487,6359436_1.jpg,6359436_2.jpg,2253833_1.jpg,2165012_0.jpg,6460827_0.jpg,5755533_0.jpg,3007801_0.jpg,1926144_0.jpg,417077_0.jpg,6357292_0.jpg
488,6359436_2.jpg,6359436_1.jpg,2165012_0.jpg,6700634_0.jpg,3007801_0.jpg,1926144_0.jpg,5277036_0.jpg,6460827_0.jpg,5755533_0.jpg,2253833_1.jpg
489,63_0.jpg,41_0.jpg,60_0.jpg,102_0.jpg,31_0.jpg,44_0.jpg,16_0.jpg,124_0.jpg,77_0.jpg,75_0.jpg
490,6416356_0.jpg,5456115_3.jpg,3809087_0.jpg,6019869_0.jpg,1926078_0.jpg,5456115_2.jpg,4146518_0.jpg,4146518_1.jpg,4146518_2.jpg,1417301_1.jpg
491,6438372_0.jpg,6438372_1.jpg,4207944_0.jpg,6007737_0.jpg,3785080_0.jpg,698940_0.jpg,698940_1.jpg,238420_0.jpg,6266112_0.jpg,2503614_0.jpg
492,6438372_1.jpg,6438372_0.jpg,698940_1.jpg,2601997_0.jpg,4207944_0.jpg,2249413_0.jpg,6505789_0.jpg,3169236_1.jpg,3169236_0.jpg,1456671_0.jpg
493,6460827_0.jpg,5755533_0.jpg,5755533_1.jpg,3518216_0.jpg,598876_0.jpg,5430819_0.jpg,5057350_0.jpg,3779080_2.jpg,5057350_2.jpg,5430819_1.jpg
494,6483073_0.jpg,3315255_2.jpg,3315255_3.jpg,3315255_0.jpg,3315255_1.jpg,6048512_0.jpg,2539075_0.jpg,6159559_0.jpg,619948_1.jpg,739325_1.jpg
495,64_0.jpg,25_1.jpg,64_1.jpg,130374_3.jpg,3243359_0.jpg,25_0.jpg,74_0.jpg,11_0.jpg,25_2.jpg,109_0.jpg
496,64_1.jpg,80_0.jpg,25_2.jpg,25_0.jpg,4386407_1.jpg,95_0.jpg,64_0.jpg,130374_3.jpg,2728604_0.jpg,5326936_0.jpg
497,64_2.jpg,25_3.jpg,238697_0.jpg,47_0.jpg,2894006_0.jpg,1527720_2.jpg,1527720_1.jpg,62_1.jpg,125_2.jpg,91_0.jpg
498,6505789_0.jpg,3945315_0.jpg,2249413_0.jpg,2503614_0.jpg,698940_1.jpg,2601997_0.jpg,917099_0.jpg,698940_0.jpg,1046233_0.jpg,238420_0.jpg
499,6532298_0.jpg,6532298_2.jpg,6532298_3.jpg,6532298_1.jpg,5451882_1.jpg,5494334_1.jpg,3820267_0.jpg,5451882_0.jpg,17126_3.jpg,1473075_1.jpg
500,6532298_0.jpg,6532298_2.jpg,6532298_3.jpg,6532298_1.jpg,5451882_1.jpg,5494334_1.jpg,3820267_0.jpg,5451882_0.jpg,17126_3.jpg,1473075_1.jpg
501,6532298_0.jpg,6532298_2.jpg,6532298_3.jpg,6532298_1.jpg,5451882_1.jpg,5494334_1.jpg,3820267_0.jpg,5451882_0.jpg,17126_3.jpg,1473075_1.jpg
502,6532298_0.jpg,6532298_2.jpg,6532298_3.jpg,6532298_1.jpg,5451882_1.jpg,5494334_1.jpg,3820267_0.jpg,5451882_0.jpg,17126_3.jpg,1473075_1.jpg
503,6581096_0.jpg,6581096_1.jpg,4411723_0.jpg,5494334_0.jpg,263977_0.jpg,1473075_0.jpg,5451882_0.jpg,4022765_0.jpg,4936800_0.jpg,4936800_2.jpg
504,6581096_1.jpg,6581096_0.jpg,5897501_0.jpg,4936800_1.jpg,4936800_3.jpg,4207789_0.jpg,3391830_3.jpg,4411723_1.jpg,2775357_3.jpg,2775357_2.jpg
505,6621993_0.jpg,3592570_0.jpg,6621993_1.jpg,3592570_1.jpg,5962041_0.jpg,5531218_0.jpg,5237851_0.jpg,1422091_0.jpg,1579564_0.jpg,5076193_0.jpg
506,6621993_1.jpg,3592570_1.jpg,5531218_0.jpg,1422091_0.jpg,5076193_0.jpg,5962041_0.jpg,1579564_0.jpg,5237851_0.jpg,5794695_1.jpg,2565742_1.jpg
507,6622602_0.jpg,194493_1.jpg,194493_0.jpg,2857595_0.jpg,58_0.jpg,4985872_0.jpg,2719924_0.jpg,1478575_0.jpg,674194_1.jpg,111_0.jpg
508,664385_0.jpg,238697_0.jpg,2795694_0.jpg,3929938_0.jpg,3592570_1.jpg,238420_0.jpg,5531218_0.jpg,4530827_0.jpg,5962041_0.jpg,698940_0.jpg
509,664385_1.jpg,238697_1.jpg,101_0.jpg,39_0.jpg,39_1.jpg,3809087_0.jpg,6019869_0.jpg,6159559_0.jpg,3061333_2.jpg,619948_0.jpg
510,664385_2.jpg,238697_2.jpg,2614187_2.jpg,114_0.jpg,43_0.jpg,2797132_0.jpg,3894379_1.jpg,1707110_1.jpg,3007801_1.jpg,1926144_1.jpg
511,6652881_0.jpg,6147917_0.jpg,2249413_0.jpg,1422091_0.jpg,1579564_0.jpg,6143573_1.jpg,2527501_0.jpg,5692853_0.jpg,3825793_0.jpg,6621993_1.jpg
512,6676540_0.jpg,2904649_0.jpg,1129805_0.jpg,2774373_0.jpg,2110425_0.jpg,1951631_0.jpg,5755533_1.jpg,5057350_2.jpg,3779080_0.jpg,5430819_1.jpg
513,66_0.jpg,30_0.jpg,51_0.jpg,11_0.jpg,3323925_0.jpg,5076193_0.jpg,3825793_0.jpg,64_0.jpg,5794695_1.jpg,5531218_0.jpg
514,6700634_0.jpg,5277036_0.jpg,3235516_0.jpg,5127422_0.jpg,6359436_2.jpg,5299557_1.jpg,5276268_0.jpg,5755533_2.jpg,5755533_1.jpg,5430819_0.jpg
515,674194_0.jpg,674194_1.jpg,58_0.jpg,2857595_0.jpg,1527720_1.jpg,5879123_0.jpg,88_0.jpg,1527720_0.jpg,43_0.jpg,114_0.jpg
516,674194_1.jpg,674194_0.jpg,2857595_0.jpg,5879123_0.jpg,26_2.jpg,114_1.jpg,43_1.jpg,114_0.jpg,43_0.jpg,1478575_0.jpg
517,684408_0.jpg,5630226_0.jpg,2450505_0.jpg,684408_1.jpg,261890_0.jpg,261890_1.jpg,684408_2.jpg,1360443_1.jpg,71_0.jpg,2524410_1.jpg
518,684408_1.jpg,684408_2.jpg,261890_1.jpg,261890_0.jpg,2261625_0.jpg,958266_0.jpg,684408_0.jpg,2524410_1.jpg,5630226_0.jpg,2450505_0.jpg
519,684408_2.jpg,684408_1.jpg,261890_1.jpg,261890_0.jpg,2450505_0.jpg,958266_0.jpg,2261625_0.jpg,2524410_1.jpg,5630226_0.jpg,5630226_2.jpg
520,698940_0.jpg,917099_0.jpg,2503614_0.jpg,698940_1.jpg,3785080_0.jpg,2527501_0.jpg,263977_1.jpg,6652881_0.jpg,6007737_0.jpg,6143573_1.jpg
521,698940_1.jpg,698940_0.jpg,917099_0.jpg,6007737_0.jpg,2755487_0.jpg,4391117_0.jpg,6505789_0.jpg,3945315_0.jpg,5101613_0.jpg,1111645_0.jpg
522,69_0.jpg,5276268_0.jpg,122_2.jpg,2393473_0.jpg,121_0.jpg,4146518_2.jpg,4146518_1.jpg,4146518_0.jpg,88_0.jpg,122_1.jpg
523,6_0.jpg,13_3.jpg,43_1.jpg,114_1.jpg,5586792_0.jpg,57_0.jpg,57_1.jpg,57_2.jpg,76_0.jpg,39_0.jpg
524,70_0.jpg,553331_0.jpg,1396752_1.jpg,17126_3.jpg,6048512_0.jpg,3929938_0.jpg,5692853_0.jpg,4386407_0.jpg,2848048_0.jpg,3240637_1.jpg
525,71_0.jpg,5630226_0.jpg,684408_0.jpg,2524410_1.jpg,261890_1.jpg,33_0.jpg,33_1.jpg,22_0.jpg,261890_0.jpg,2445924_0.jpg
526,72_0.jpg,6359436_0.jpg,35231_1.jpg,73_3.jpg,6266970_0.jpg,199060_0.jpg,64_2.jpg,4719256_1.jpg,6298920_0.jpg,26_1.jpg
527,734879_1.jpg,734879_0.jpg,1456671_0.jpg,2614187_1.jpg,3169236_1.jpg,3169236_0.jpg,4022765_1.jpg,510802_0.jpg,395560_0.jpg,3588850_0.jpg
528,734879_1.jpg,734879_0.jpg,1456671_0.jpg,2614187_1.jpg,3169236_1.jpg,3169236_0.jpg,4022765_1.jpg,510802_0.jpg,395560_0.jpg,3588850_0.jpg
529,739325_0.jpg,2771913_0.jpg,1625168_0.jpg,2292197_0.jpg,2292197_2.jpg,6080959_0.jpg,6080959_2.jpg,6159559_0.jpg,395560_0.jpg,1082183_0.jpg
530,739325_1.jpg,6048512_0.jpg,6159559_1.jpg,3174536_1.jpg,619948_1.jpg,4719256_1.jpg,1625168_1.jpg,2771913_1.jpg,2008369_1.jpg,2797132_0.jpg
531,73_0.jpg,73_3.jpg,73_1.jpg,73_2.jpg,2524410_1.jpg,50_0.jpg,436356_0.jpg,1238122_0.jpg,1527720_2.jpg,2219063_0.jpg
532,73_1.jpg,73_3.jpg,73_2.jpg,73_0.jpg,1527720_2.jpg,2524410_1.jpg,50_0.jpg,76_1.jpg,2450505_0.jpg,436356_0.jpg
533,73_2.jpg,73_1.jpg,73_3.jpg,73_0.jpg,1360443_2.jpg,1527720_2.jpg,5939231_1.jpg,120_3.jpg,5880137_0.jpg,114_1.jpg
534,73_3.jpg,73_1.jpg,73_0.jpg,73_2.jpg,1527720_2.jpg,50_0.jpg,2524410_1.jpg,436356_0.jpg,72_0.jpg,6_0.jpg
535,74_0.jpg,25_1.jpg,5880137_1.jpg,95_0.jpg,64_0.jpg,64_1.jpg,47_0.jpg,56_0.jpg,34_0.jpg,0_0.jpg
536,75_0.jpg,41_0.jpg,102_0.jpg,60_0.jpg,47_0.jpg,89_0.jpg,77_0.jpg,44_0.jpg,79_0.jpg,124_0.jpg
537,766234_0.jpg,2283033_1.jpg,1679426_1.jpg,4530827_0.jpg,3945315_0.jpg,5692853_0.jpg,2601997_0.jpg,2795694_0.jpg,6505789_0.jpg,1679426_0.jpg
538,76_0.jpg,6_0.jpg,13_3.jpg,57_0.jpg,57_1.jpg,674194_1.jpg,57_2.jpg,43_1.jpg,114_1.jpg,39_0.jpg
539,76_1.jpg,5_0.jpg,64_1.jpg,73_1.jpg,130374_3.jpg,2614187_1.jpg,3825793_0.jpg,15_0.jpg,84_0.jpg,26_2.jpg
540,77_0.jpg,102_0.jpg,41_0.jpg,60_0.jpg,124_0.jpg,89_0.jpg,47_0.jpg,34_0.jpg,16_0.jpg,75_0.jpg
541,79_0.jpg,124_0.jpg,47_0.jpg,102_0.jpg,89_0.jpg,41_0.jpg,31_0.jpg,75_0.jpg,60_0.jpg,11_0.jpg
542,7_0.jpg,1478575_0.jpg,111_0.jpg,26_3.jpg,125_1.jpg,98_3.jpg,217204_0.jpg,8_0.jpg,114_1.jpg,43_1.jpg
543,80_0.jpg,64_1.jpg,25_0.jpg,25_2.jpg,4386407_1.jpg,55_0.jpg,88_0.jpg,37_0.jpg,48_0.jpg,3154838_0.jpg
544,81_0.jpg,97_0.jpg,106_0.jpg,119_0.jpg,101_0.jpg,84_0.jpg,39_1.jpg,39_0.jpg,26_2.jpg,43_2.jpg
545,821201_0.jpg,5240612_0.jpg,22_0.jpg,43_2.jpg,114_2.jpg,13_3.jpg,3996629_0.jpg,2614187_1.jpg,5277036_0.jpg,5299557_1.jpg
546,83_0.jpg,48_0.jpg,95_0.jpg,56_0.jpg,88_0.jpg,121_0.jpg,0_0.jpg,1_0.jpg,28_0.jpg,34_0.jpg
547,84_0.jpg,26_2.jpg,33_0.jpg,33_1.jpg,6_0.jpg,506662_3.jpg,4905153_3.jpg,5326936_3.jpg,4386407_2.jpg,81_0.jpg
548,868312_0.jpg,2292197_3.jpg,2292197_1.jpg,2292197_0.jpg,2292197_2.jpg,3174536_1.jpg,1170894_0.jpg,2797132_0.jpg,2797132_1.jpg,4719256_1.jpg
549,87_0.jpg,1417301_1.jpg,121_0.jpg,5399576_0.jpg,46_0.jpg,13_0.jpg,4386407_2.jpg,506662_3.jpg,4905153_3.jpg,5326936_3.jpg
550,88_0.jpg,56_0.jpg,48_0.jpg,5_0.jpg,118_0.jpg,121_0.jpg,55_0.jpg,83_0.jpg,80_0.jpg,20_0.jpg
551,89_0.jpg,47_0.jpg,60_0.jpg,41_0.jpg,124_0.jpg,77_0.jpg,102_0.jpg,79_0.jpg,31_0.jpg,75_0.jpg
552,8_0.jpg,2348333_0.jpg,98_0.jpg,98_2.jpg,98_1.jpg,3_0.jpg,3391830_3.jpg,2283033_0.jpg,1679426_0.jpg,34_0.jpg
553,90_0.jpg,0_0.jpg,56_0.jpg,55_0.jpg,1_0.jpg,5_0.jpg,3154838_0.jpg,20_0.jpg,3592570_1.jpg,28_0.jpg
554,917036_0.jpg,5755533_1.jpg,5533514_0.jpg,3779080_0.jpg,598876_1.jpg,3518216_2.jpg,5430819_1.jpg,5057350_2.jpg,417077_2.jpg,5805839_2.jpg
555,917099_0.jpg,698940_0.jpg,698940_1.jpg,6007737_0.jpg,510802_0.jpg,1864536_0.jpg,2503614_0.jpg,6505789_0.jpg,3785080_0.jpg,3154838_0.jpg
556,91_0.jpg,98_2.jpg,8_0.jpg,118_0.jpg,16_0.jpg,42_1.jpg,64_2.jpg,5605151_0.jpg,25_1.jpg,25_0.jpg
557,92_0.jpg,112_0.jpg,15_0.jpg,19_1.jpg,2601997_0.jpg,5692853_0.jpg,112_1.jpg,19_0.jpg,2721276_0.jpg,5237851_0.jpg
558,948745_0.jpg,6357292_0.jpg,417077_0.jpg,3766409_0.jpg,5805839_0.jpg,598876_2.jpg,5430819_2.jpg,3518216_1.jpg,5057350_1.jpg,3779080_1.jpg
559,948745_1.jpg,6357292_1.jpg,417077_1.jpg,3766409_1.jpg,5805839_1.jpg,5057350_0.jpg,3518216_0.jpg,598876_0.jpg,5430819_0.jpg,3779080_2.jpg
560,948745_2.jpg,417077_2.jpg,6357292_2.jpg,5805839_2.jpg,3766409_2.jpg,5057350_2.jpg,3779080_0.jpg,598876_1.jpg,5430819_1.jpg,3518216_2.jpg
561,958266_0.jpg,22_0.jpg,1478575_0.jpg,261890_0.jpg,114_0.jpg,43_0.jpg,261890_1.jpg,1360443_0.jpg,684408_1.jpg,684408_2.jpg
562,95_0.jpg,109_0.jpg,83_0.jpg,2249413_0.jpg,2728604_0.jpg,64_1.jpg,6652881_0.jpg,25_0.jpg,2539075_0.jpg,5880137_1.jpg
563,97_0.jpg,81_0.jpg,106_0.jpg,101_0.jpg,664385_1.jpg,114_2.jpg,43_2.jpg,238697_1.jpg,39_1.jpg,39_0.jpg
564,97_1.jpg,2286552_2.jpg,2286552_1.jpg,2286552_3.jpg,2286552_0.jpg,6159559_0.jpg,4719256_0.jpg,619948_0.jpg,3174536_0.jpg,3894379_1.jpg
565,98_0.jpg,8_0.jpg,98_1.jpg,122_0.jpg,98_2.jpg,11_0.jpg,34_0.jpg,61_0.jpg,40_0.jpg,89_0.jpg
566,98_1.jpg,98_2.jpg,98_3.jpg,98_0.jpg,8_0.jpg,88_0.jpg,83_0.jpg,121_0.jpg,5_0.jpg,0_0.jpg
567,98_2.jpg,98_1.jpg,8_0.jpg,88_0.jpg,98_0.jpg,98_3.jpg,91_0.jpg,83_0.jpg,122_2.jpg,122_1.jpg
568,98_3.jpg,98_1.jpg,2286552_3.jpg,2286552_1.jpg,2286552_0.jpg,2286552_2.jpg,3894379_1.jpg,98_2.jpg,5805839_0.jpg,6159559_0.jpg
569,99_0.jpg,0_0.jpg,3154838_0.jpg,90_0.jpg,1111645_0.jpg,1418639_0.jpg,3929938_0.jpg,15_0.jpg,6007737_0.jpg,12_0.jpg
570,9_0.jpg,112_0.jpg,5531218_0.jpg,5692853_0.jpg,1579564_0.jpg,66_0.jpg,3592570_1.jpg,5962041_0.jpg,5794695_1.jpg,6581096_1.jpg
